name,HR_GDETYP2012_L1_Name_fr,yes_pct,voters
Aeugst am Albis,Rural,48.12992126,1418
Affoltern am Albis,Urbain,42.214199759,7197
Bonstetten,Intermédiaire (périurbain dense et centres ruraux),46.839681875,3665
Hausen am Albis,Intermédiaire (périurbain dense et centres ruraux),41.988636364,2559
Hedingen,Urbain,48.65967366,2523
Kappel am Albis,Rural,36.173913043,799
Knonau,Intermédiaire (périurbain dense et centres ruraux),41.758241758,1498
Maschwanden,Rural,30.882352941,451
Mettmenstetten,Intermédiaire (périurbain dense et centres ruraux),43.909889271,3645
Obfelden,Intermédiaire (périurbain dense et centres ruraux),38.711151737,3542
Ottenbach,Intermédiaire (périurbain dense et centres ruraux),42.481203008,1920
Rifferswil,Rural,50.07751938,791
Stallikon,Intermédiaire (périurbain dense et centres ruraux),48.362720403,2399
Wettswil am Albis,Intermédiaire (périurbain dense et centres ruraux),47.370727432,3446
Benken (ZH),Rural,26.773455378,597
Berg am Irchel,Intermédiaire (périurbain dense et centres ruraux),33.055555556,454
Buch am Irchel,Rural,28.651685393,726
Dachsen,Intermédiaire (périurbain dense et centres ruraux),47.703180212,1353
Dorf,Rural,28.450704225,490
Feuerthalen,Urbain,45.650557621,2297
Flaach,Intermédiaire (périurbain dense et centres ruraux),32.086330935,967
Flurlingen,Urbain,57.5,1046
Henggart,Intermédiaire (périurbain dense et centres ruraux),31.375838926,1681
Kleinandelfingen,Intermédiaire (périurbain dense et centres ruraux),34.141610087,1485
Laufen-Uhwiesen,Intermédiaire (périurbain dense et centres ruraux),44.314185229,1270
Marthalen,Intermédiaire (périurbain dense et centres ruraux),32.998996991,1385
Ossingen,Rural,34.807256236,1248
Rheinau,Rural,52.012882448,851
Thalheim an der Thur,Rural,33.201581028,682
Trüllikon,Rural,33.838383838,805
Truttikon,Rural,31.578947368,350
Volken,Intermédiaire (périurbain dense et centres ruraux),32.307692308,262
Bachenbülach,Urbain,42.204496012,2545
Bassersdorf,Urbain,40.765936004,7241
Bülach,Urbain,42.142127535,12892
Dietlikon,Urbain,44.504504505,4725
Eglisau,Intermédiaire (périurbain dense et centres ruraux),44.170096022,3290
Embrach,Urbain,36.055317748,5640
Freienstein-Teufen,Urbain,41.502683363,1670
Glattfelden,Intermédiaire (périurbain dense et centres ruraux),37.183718372,3142
Hochfelden,Intermédiaire (périurbain dense et centres ruraux),35.924617197,1337
Höri,Urbain,32.035175879,1530
Hüntwangen,Rural,40.503875969,760
Kloten,Urbain,41.065132678,11232
Lufingen,Intermédiaire (périurbain dense et centres ruraux),35.379812695,1629
Nürensdorf,Intermédiaire (périurbain dense et centres ruraux),34.60639127,3893
Oberembrach,Rural,31.793960924,827
Opfikon,Urbain,45.936570862,9239
Rafz,Intermédiaire (périurbain dense et centres ruraux),38.238341969,2952
Rorbas,Urbain,41.924398625,1649
Wallisellen,Urbain,44.967074318,9640
Wasterkingen,Rural,29.152542373,424
Wil (ZH),Rural,34.189189189,1046
Winkel,Urbain,32.566870014,3272
Bachs,Rural,29.813664596,437
Boppelsen,Rural,37.062937063,1032
Buchs (ZH),Intermédiaire (périurbain dense et centres ruraux),35.707591378,3929
Dällikon,Intermédiaire (périurbain dense et centres ruraux),33.648542159,2432
Dänikon,Intermédiaire (périurbain dense et centres ruraux),40.334855403,1098
Dielsdorf,Intermédiaire (périurbain dense et centres ruraux),38.755458515,3313
Hüttikon,Intermédiaire (périurbain dense et centres ruraux),38.674033149,586
Neerach,Intermédiaire (périurbain dense et centres ruraux),34.837889383,2383
Niederglatt,Urbain,30.827505828,2964
Niederhasli,Urbain,36.541005291,5542
Niederweningen,Intermédiaire (périurbain dense et centres ruraux),42.276422764,2048
Oberglatt,Urbain,36.820572764,3628
Oberweningen,Intermédiaire (périurbain dense et centres ruraux),38.839848676,1218
Otelfingen,Intermédiaire (périurbain dense et centres ruraux),42.5942156,1796
Regensberg,Intermédiaire (périurbain dense et centres ruraux),42.857142857,319
Regensdorf,Urbain,39.607097592,9726
Rümlang,Intermédiaire (périurbain dense et centres ruraux),37.954642704,4543
Schleinikon,Intermédiaire (périurbain dense et centres ruraux),34.345794393,629
Schöfflisdorf,Intermédiaire (périurbain dense et centres ruraux),39.361702128,952
Stadel,Intermédiaire (périurbain dense et centres ruraux),27.497621313,1651
Steinmaur,Intermédiaire (périurbain dense et centres ruraux),36.654275093,2131
Weiach,Intermédiaire (périurbain dense et centres ruraux),25.570776256,1186
Bäretswil,Intermédiaire (périurbain dense et centres ruraux),32.714054927,3599
Bubikon,Intermédiaire (périurbain dense et centres ruraux),42.565266742,5229
Dürnten,Urbain,37.285390347,5017
Fischenthal,Rural,27.35042735,1686
Gossau (ZH),Intermédiaire (périurbain dense et centres ruraux),37.906925934,7106
Grüningen,Intermédiaire (périurbain dense et centres ruraux),36.91507799,2606
Hinwil,Intermédiaire (périurbain dense et centres ruraux),38.308457711,7797
Rüti (ZH),Urbain,43.16579486,7675
Seegräben,Intermédiaire (périurbain dense et centres ruraux),51.026392962,973
Wald (ZH),Intermédiaire (périurbain dense et centres ruraux),42.418084836,6163
Wetzikon (ZH),Urbain,43.913565426,15170
Adliswil,Urbain,47.62611276,9692
Kilchberg (ZH),Urbain,48.356374808,4996
Langnau am Albis,Urbain,44.576082932,4635
Oberrieden,Urbain,49.500907441,3328
Richterswil,Urbain,43.555555556,8769
Rüschlikon,Urbain,46.660259491,3333
Thalwil,Urbain,49.232390126,10657
Erlenbach (ZH),Urbain,47.168141593,3481
Herrliberg,Urbain,42.737722048,4184
Hombrechtikon,Intermédiaire (périurbain dense et centres ruraux),41.431313408,5754
Küsnacht (ZH),Urbain,46.06271777,8841
Männedorf,Urbain,48.526315789,7416
Meilen,Urbain,46.557492516,9001
Oetwil am See,Intermédiaire (périurbain dense et centres ruraux),34.813847159,2748
Stäfa,Urbain,50.253963368,9861
Uetikon am See,Urbain,44.764011799,4123
Zumikon,Urbain,41.885492897,3418
Zollikon,Urbain,48.505935325,7946
Fehraltorf,Intermédiaire (périurbain dense et centres ruraux),42.391304348,4254
Hittnau,Intermédiaire (périurbain dense et centres ruraux),38.183749336,2727
Lindau,Intermédiaire (périurbain dense et centres ruraux),36.755386565,3583
Pfäffikon,Intermédiaire (périurbain dense et centres ruraux),45.247734721,8177
Russikon,Intermédiaire (périurbain dense et centres ruraux),37.08668454,3062
Weisslingen,Intermédiaire (périurbain dense et centres ruraux),37.698898409,2446
Wila,Intermédiaire (périurbain dense et centres ruraux),32.630410655,1384
Wildberg,Rural,27.667269439,741
Dübendorf,Urbain,46.299853124,16008
Egg,Intermédiaire (périurbain dense et centres ruraux),46.294277929,5681
Fällanden,Intermédiaire (périurbain dense et centres ruraux),50.032051282,5438
Greifensee,Urbain,50.676982592,3369
Maur,Intermédiaire (périurbain dense et centres ruraux),43.403074295,6922
Mönchaltorf,Intermédiaire (périurbain dense et centres ruraux),42.473419138,2737
Schwerzenbach,Urbain,48.152359295,3084
Uster,Urbain,51.287477954,22099
Volketswil,Urbain,39.423383243,11331
Wangen-Brüttisellen,Urbain,41.151951497,4682
Altikon,Rural,27.204030227,513
Brütten,Intermédiaire (périurbain dense et centres ruraux),36.264732548,1577
Dägerlen,Rural,39.5,774
Dättlikon,Rural,42.663656885,571
Dinhard,Rural,37.302423604,1275
Ellikon an der Thur,Rural,36.919831224,722
Elsau,Urbain,41.587112172,2447
Hagenbuch,Rural,27.715355805,772
Hettlingen,Intermédiaire (périurbain dense et centres ruraux),44.763092269,2249
Neftenbach,Urbain,36.517719569,3972
Pfungen,Intermédiaire (périurbain dense et centres ruraux),41.994177584,2361
Rickenbach (ZH),Intermédiaire (périurbain dense et centres ruraux),36.348949919,1921
Schlatt (ZH),Rural,33.503836317,531
Seuzach,Intermédiaire (périurbain dense et centres ruraux),36.336866902,5335
Turbenthal,Intermédiaire (périurbain dense et centres ruraux),36.880165289,3180
Winterthur,Urbain,57.032608437,70500
Zell (ZH),Intermédiaire (périurbain dense et centres ruraux),40.292887029,4046
Aesch (ZH),Rural,34.680573664,1073
Birmensdorf (ZH),Intermédiaire (périurbain dense et centres ruraux),42.400594575,4139
Dietikon,Urbain,45.829480303,12121
Geroldswil,Urbain,38.340953625,2951
Oberengstringen,Urbain,45.124481328,3747
Oetwil an der Limmat,Urbain,38.627819549,1767
Schlieren,Urbain,48.820938067,8983
Uitikon,Intermédiaire (périurbain dense et centres ruraux),41.965533302,3167
Unterengstringen,Urbain,37.891737892,2443
Urdorf,Urbain,41.876629018,6084
Weiningen (ZH),Urbain,42.464878672,2796
Zürich,Urbain,65.300067139,234017
Andelfingen,Intermédiaire (périurbain dense et centres ruraux),35.893060296,2362
Stammheim,Rural,31.134401973,2091
Wädenswil,Urbain,43.301530511,15994
Elgg,Intermédiaire (périurbain dense et centres ruraux),37.815884477,3332
Horgen,Urbain,42.958022754,13249
Illnau-Effretikon,Urbain,44.19925361,10359
Bauma,Rural,32.149362477,3372
Wiesendangen,Intermédiaire (périurbain dense et centres ruraux),40.661304736,4810
Aarberg,Intermédiaire (périurbain dense et centres ruraux),35.333978703,3346
Bargen (BE),Intermédiaire (périurbain dense et centres ruraux),23.132969035,775
Grossaffoltern,Rural,36.698911729,2446
Kallnach,Rural,27.741407529,1636
Kappelen,Intermédiaire (périurbain dense et centres ruraux),28.805031447,1093
Lyss,Urbain,40.07882111,10736
Meikirch,Rural,47.285223368,1972
Radelfingen,Rural,35.278514589,1030
Rapperswil (BE),Rural,27.465753425,2153
Schüpfen,Intermédiaire (périurbain dense et centres ruraux),39.033264033,2939
Seedorf (BE),Intermédiaire (périurbain dense et centres ruraux),26.834997064,2536
Aarwangen,Rural,32.308494007,3267
Auswil,Rural,21.052631579,382
Bannwil,Rural,29.758713137,531
Bleienbach,Rural,19.679633867,603
Busswil bei Melchnau,Rural,34.862385321,167
Gondiswil,Rural,10.798122066,602
Langenthal,Urbain,39.962283559,10437
Lotzwil,Urbain,32.15648855,1826
Madiswil,Rural,25.730027548,2613
Melchnau,Rural,31.156462585,1126
Oeschenbach,Rural,14.960629921,196
Reisiswil,Rural,13.725490196,154
Roggwil (BE),Rural,33.082706767,2892
Rohrbach,Rural,25.319693095,1286
Rohrbachgraben,Rural,11.489361702,315
Rütschelen,Rural,27.213114754,430
Schwarzhäusern,Rural,22.775800712,421
Thunstetten,Rural,31.504818384,2354
Ursenbach,Rural,13.684210526,724
Wynau,Rural,32.302405498,1033
Bern,Urbain,68.026563729,89211
Bolligen,Urbain,51.124620061,4777
Bremgarten bei Bern,Urbain,59.712230216,3226
Kirchlindach,Intermédiaire (périurbain dense et centres ruraux),50.084985836,2488
Köniz,Urbain,53.657027118,28433
Muri bei Bern,Urbain,51.571709234,9357
Oberbalm,Rural,22.471910112,723
Stettlen,Urbain,43.975493533,2289
Vechigen,Urbain,39.916550765,4313
Wohlen bei Bern,Intermédiaire (périurbain dense et centres ruraux),52.717503616,7036
Zollikofen,Urbain,48.094197621,6992
Ittigen,Urbain,46.920465567,7180
Ostermundigen,Urbain,48.845937324,10339
Biel/Bienne,Urbain,58.493775087,31282
Evilard,Urbain,55.456750202,1857
Arch,Intermédiaire (périurbain dense et centres ruraux),27.898550725,1316
Büetigen,Intermédiaire (périurbain dense et centres ruraux),34.545454545,663
Büren an der Aare,Intermédiaire (périurbain dense et centres ruraux),36.137667304,2496
Diessbach bei Büren,Rural,33.134920635,733
Dotzigen,Intermédiaire (périurbain dense et centres ruraux),42.066957787,1106
Lengnau (BE),Urbain,36.548831636,3293
Leuzigen,Rural,28.756058158,1007
Meinisberg,Intermédiaire (périurbain dense et centres ruraux),32.534246575,956
Oberwil bei Büren,Rural,28.118393235,698
Pieterlen,Intermédiaire (périurbain dense et centres ruraux),37.470355731,2680
Rüti bei Büren,Rural,36.561743341,652
Wengi,Rural,29.943502825,473
Aefligen,Urbain,26.785714286,816
Alchenstorf,Rural,23.255813953,477
Bäriswil,Urbain,43.888888889,825
Burgdorf,Urbain,47.319695386,11734
Ersigen,Urbain,26.343612335,1643
Hasle bei Burgdorf,Rural,24.166142228,2602
Heimiswil,Rural,19.867549669,1347
Hindelbank,Intermédiaire (périurbain dense et centres ruraux),31.081081081,1936
Höchstetten,Rural,19.367588933,377
Kernenried,Rural,27.335640138,434
Kirchberg (BE),Urbain,36.015779093,4221
Koppigen,Rural,27.992459943,1671
Krauchthal,Rural,29.450915141,1902
Lyssach,Rural,28.552456839,1123
Oberburg,Urbain,24.895222129,1969
Rüdtligen-Alchenflüh,Urbain,27.272727273,1535
Rumendingen,Rural,10.714285714,61
Rüti bei Lyssach,Rural,20,154
Willadingen,Rural,12.5,175
Wynigen,Rural,22.948207171,1705
Corgémont,Rural,27.417218543,1191
Cormoret,Rural,31.274131274,363
Cortébert,Rural,29.220779221,494
Courtelary,Rural,34.262295082,974
La Ferrière,Rural,20,416
Mont-Tramelan,Rural,10,108
Orvin,Rural,35.254237288,915
Renan (BE),Rural,27.149321267,722
Romont (BE),Rural,31.531531532,166
Saint-Imier,Intermédiaire (périurbain dense et centres ruraux),32.863549007,3061
Sonceboz-Sombeval,Rural,25.107604017,1264
Sonvilier,Rural,19.962335217,880
Tramelan,Intermédiaire (périurbain dense et centres ruraux),27.371007371,3312
Villeret,Intermédiaire (périurbain dense et centres ruraux),34.606205251,663
Sauge,Rural,42.372881356,605
Péry-La Heutte,Rural,33.005617978,1320
Brüttelen,Rural,34.589041096,412
Erlach,Rural,50.330033003,945
Finsterhennen,Rural,25.714285714,349
Gals,Intermédiaire (périurbain dense et centres ruraux),29.620253165,611
Gampelen,Rural,33.016627078,665
Ins,Intermédiaire (périurbain dense et centres ruraux),37.455197133,2425
Lüscherz,Rural,34.507042254,440
Müntschemier,Rural,17.554858934,894
Siselen,Rural,21.818181818,473
Treiten,Rural,18.103448276,329
Tschugg,Rural,46.25,323
Vinelz,Rural,40.425531915,690
Bätterkinden,Intermédiaire (périurbain dense et centres ruraux),38.778135048,2539
Fraubrunnen,Intermédiaire (périurbain dense et centres ruraux),36.360373295,4018
Jegenstorf,Intermédiaire (périurbain dense et centres ruraux),41.557056523,4310
Iffwil,Rural,33.609958506,327
Mattstetten,Intermédiaire (périurbain dense et centres ruraux),36.144578313,463
Moosseedorf,Urbain,41.276306857,2701
Münchenbuchsee,Intermédiaire (périurbain dense et centres ruraux),45.677799607,7028
Urtenen-Schönbühl,Urbain,42.824392481,4092
Utzenstorf,Rural,34.148681055,3400
Wiggiswil,Rural,14.634146341,161
Wiler bei Utzenstorf,Rural,32.207207207,735
Zielebach,Intermédiaire (périurbain dense et centres ruraux),23.287671233,255
Zuzwil (BE),Rural,37.837837838,448
Adelboden,Intermédiaire (périurbain dense et centres ruraux),18.78757515,2672
Aeschi bei Spiez,Rural,29.360694554,1776
Frutigen,Intermédiaire (périurbain dense et centres ruraux),25.981710597,5392
Kandergrund,Rural,15.227272727,635
Kandersteg,Rural,29.579831933,905
Krattigen,Intermédiaire (périurbain dense et centres ruraux),35.130434783,912
Reichenbach im Kandertal,Rural,22.541201489,2836
Beatenberg,Rural,31.447587354,898
Bönigen,Urbain,33.868092692,1985
Brienz (BE),Intermédiaire (périurbain dense et centres ruraux),33.67003367,2408
Brienzwiler,Rural,30.82437276,394
Därligen,Rural,35.616438356,291
Grindelwald,Intermédiaire (périurbain dense et centres ruraux),18.883131836,2636
Gsteigwiler,Rural,48.260869565,324
Gündlischwand,Rural,17.901234568,239
Habkern,Rural,9.511568123,515
Hofstetten bei Brienz,Rural,33.962264151,434
Interlaken,Urbain,41.726618705,3508
Iseltwald,Rural,22.274881517,328
Lauterbrunnen,Rural,26.907216495,1514
Leissigen,Rural,36.397748593,856
Lütschental,Rural,12.068965517,180
Matten bei Interlaken,Urbain,38.590820944,2836
Niederried bei Interlaken,Rural,38.181818182,285
Oberried am Brienzersee,Rural,43.778801843,384
Ringgenberg (BE),Intermédiaire (périurbain dense et centres ruraux),35.839160839,2023
Saxeten,Rural,22.807017544,91
Schwanden bei Brienz,Intermédiaire (périurbain dense et centres ruraux),32.423208191,491
Unterseen,Urbain,39.66278603,4097
Wilderswil,Intermédiaire (périurbain dense et centres ruraux),31.314878893,1919
Arni (BE),Rural,16.936936937,791
Biglen,Intermédiaire (périurbain dense et centres ruraux),27.203482046,1443
Bowil,Rural,14.683544304,1116
Brenzikofen,Rural,30.434782609,404
Freimettigen,Intermédiaire (périurbain dense et centres ruraux),27.753303965,344
Grosshöchstetten,Intermédiaire (périurbain dense et centres ruraux),35.030359645,3231
Häutligen,Rural,22.424242424,216
Herbligen,Rural,17.791411043,464
Kiesen,Intermédiaire (périurbain dense et centres ruraux),32.832618026,742
Konolfingen,Intermédiaire (périurbain dense et centres ruraux),37.472283814,4152
Landiswil,Rural,11.73594132,551
Linden,Rural,17.454068241,1079
Mirchel,Rural,21.652421652,500
Münsingen,Urbain,44.222470833,9606
Niederhünigen,Intermédiaire (périurbain dense et centres ruraux),31.421446384,550
Oberdiessbach,Intermédiaire (périurbain dense et centres ruraux),29.905063291,2786
Oberthal,Rural,15.198237885,633
Oppligen,Intermédiaire (périurbain dense et centres ruraux),29.682997118,510
Rubigen,Intermédiaire (périurbain dense et centres ruraux),44.381625442,2258
Walkringen,Rural,27.793696275,1462
Worb,Intermédiaire (périurbain dense et centres ruraux),42.10836278,8238
Zäziwil,Intermédiaire (périurbain dense et centres ruraux),28.966346154,1269
Allmendingen,Rural,35.258358663,443
Wichtrach,Intermédiaire (périurbain dense et centres ruraux),32.496447181,3383
Ferenbalm,Rural,36.106983655,970
Frauenkappelen,Rural,37.251908397,993
Gurbrü,Rural,27.777777778,186
Kriechenwil,Rural,33.777777778,362
Laupen,Intermédiaire (périurbain dense et centres ruraux),45.851528384,2307
Mühleberg,Rural,31.424766977,2305
Münchenwiler,Urbain,29.098360656,393
Neuenegg,Intermédiaire (périurbain dense et centres ruraux),33.149405772,4015
Wileroltigen,Rural,27.488151659,290
Belprahon,Rural,29.341317365,236
Champoz,Rural,16.071428571,129
Corcelles (BE),Rural,15.151515152,176
Court,Rural,16.816816817,1019
Crémines,Rural,31.640625,374
Eschert,Intermédiaire (périurbain dense et centres ruraux),20.652173913,267
Grandval,Rural,31.034482759,271
Loveresse,Rural,25,266
Moutier,Intermédiaire (périurbain dense et centres ruraux),35.498742666,4574
Perrefitte,Rural,32.057416268,325
Reconvilier,Intermédiaire (périurbain dense et centres ruraux),24.215246637,1525
Roches (BE),Rural,15.384615385,150
Saicourt,Rural,19.169329073,471
Saules (BE),Rural,22.619047619,119
Schelten,Rural,52.777777778,64
Seehof,Rural,5.405405405,57
Sorvilier,Rural,23.489932886,219
Tavannes,Intermédiaire (périurbain dense et centres ruraux),27.761767531,2126
Rebévelier,Rural,26.086956522,35
Petit-Val,Rural,23.790322581,310
Valbirse,Intermédiaire (périurbain dense et centres ruraux),23.680823681,2653
La Neuveville,Intermédiaire (périurbain dense et centres ruraux),42.801302932,2700
Nods,Rural,32.242990654,607
Plateau de Diesse,Rural,38.828202582,1561
Aegerten,Urbain,36.687116564,1516
Bellmund,Urbain,41.724941725,1278
Brügg,Urbain,46.527309508,2766
Bühl,Rural,35.094339623,386
Epsach,Rural,20.39800995,267
Hagneck,Intermédiaire (périurbain dense et centres ruraux),44.285714286,326
Hermrigen,Rural,36.686390533,242
Jens,Intermédiaire (périurbain dense et centres ruraux),40.760869565,522
Ipsach,Urbain,48.180242634,2883
Ligerz,Rural,45.762711864,425
Merzligen,Rural,40.358744395,330
Mörigen,Intermédiaire (périurbain dense et centres ruraux),41.071428571,707
Nidau,Urbain,55.829015544,4464
Orpund,Intermédiaire (périurbain dense et centres ruraux),33.858998145,2039
Port,Urbain,42.722710163,2675
Safnern,Intermédiaire (périurbain dense et centres ruraux),33.405875952,1468
Scheuren,Intermédiaire (périurbain dense et centres ruraux),37.642585551,372
Schwadernau,Urbain,28.660436137,502
Studen (BE),Urbain,33.134073442,2133
Sutz-Lattrigen,Intermédiaire (périurbain dense et centres ruraux),47.41506647,1033
Täuffelen,Intermédiaire (périurbain dense et centres ruraux),39.151266256,2263
Walperswil,Rural,24.057450628,777
Worben,Urbain,35.094001791,1804
Twann-Tüscherz,Rural,49.918699187,936
Därstetten,Rural,15.189873418,678
Diemtigen,Rural,13.888888889,1858
Erlenbach im Simmental,Rural,25.858369099,1388
Oberwil im Simmental,Rural,16.135084428,679
Reutigen,Rural,25.972006221,1025
Spiez,Urbain,42.600457367,9911
Wimmis,Intermédiaire (périurbain dense et centres ruraux),29.974811083,1897
Stocken-Höfen,Rural,26.444833625,839
Guttannen,Rural,15.540540541,210
Hasliberg,Rural,21.617161716,845
Innertkirchen,Rural,21.466905188,880
Meiringen,Intermédiaire (périurbain dense et centres ruraux),32.328907048,3231
Schattenhalb,Intermédiaire (périurbain dense et centres ruraux),18.43003413,427
Boltigen,Rural,12.816901408,1037
Lenk,Rural,24.903025601,1792
St. Stephan,Rural,20.939086294,1043
Zweisimmen,Rural,28.023407022,2302
Gsteig,Rural,17.842323651,681
Lauenen,Rural,14.508928571,621
Saanen,Intermédiaire (périurbain dense et centres ruraux),25.488107916,4265
Guggisberg,Rural,18.150289017,1312
Rüschegg,Rural,30.454042082,1473
Schwarzenburg,Intermédiaire (périurbain dense et centres ruraux),34.368985428,5560
Belp,Intermédiaire (périurbain dense et centres ruraux),37.799043062,8326
Burgistein,Rural,32.741935484,926
Gerzensee,Rural,36.119402985,943
Gurzelen,Intermédiaire (périurbain dense et centres ruraux),29.03930131,670
Jaberg,Intermédiaire (périurbain dense et centres ruraux),33.950617284,247
Kaufdorf,Intermédiaire (périurbain dense et centres ruraux),42.214532872,787
Kehrsatz,Urbain,46.927710843,2745
Kirchdorf (BE),Rural,28.844317096,1478
Riggisberg,Rural,25.792417651,2407
Rüeggisberg,Rural,23.019571295,1505
Seftigen,Intermédiaire (périurbain dense et centres ruraux),35.707317073,1656
Toffen,Intermédiaire (périurbain dense et centres ruraux),37.372147915,1905
Uttigen,Intermédiaire (périurbain dense et centres ruraux),33.333333333,1665
Wattenwil,Intermédiaire (périurbain dense et centres ruraux),31.336696091,2470
Wald (BE),Rural,31.0546875,1393
Thurnen,Intermédiaire (périurbain dense et centres ruraux),40.293356342,1590
Eggiwil,Rural,9.679618269,2041
Langnau im Emmental,Intermédiaire (périurbain dense et centres ruraux),32.345191041,7553
Lauperswil,Rural,17.17877095,2258
Röthenbach im Emmental,Rural,7.731958763,1017
Rüderswil,Rural,15.349544073,1859
Schangnau,Rural,8.873720137,733
Signau,Rural,19.3359375,2193
Trub,Rural,20.943613349,1418
Trubschachen,Rural,19.39477304,1163
Amsoldingen,Rural,32.618025751,673
Blumenstein,Intermédiaire (périurbain dense et centres ruraux),26.339285714,1032
Buchholterberg,Rural,16.974972797,1283
Eriz,Rural,13.636363636,431
Fahrni,Rural,21.383647799,653
Heiligenschwendi,Rural,35.924932976,559
Heimberg,Urbain,32.29312763,5072
Hilterfingen,Urbain,50.801886792,3207
Homberg,Rural,17.793594306,403
Horrenbach-Buchen,Rural,13.669064748,172
Oberhofen am Thunersee,Urbain,46.294937638,1947
Oberlangenegg,Rural,11.510791367,390
Pohlern,Rural,14.516129032,187
Sigriswil,Intermédiaire (périurbain dense et centres ruraux),32.36574746,4040
Steffisburg,Urbain,38.99132321,12159
Teuffenthal (BE),Rural,21.428571429,149
Thierachern,Urbain,29.133858268,1934
Thun,Urbain,45.250278087,32301
Uebeschi,Rural,23.75,563
Uetendorf,Intermédiaire (périurbain dense et centres ruraux),30.06219765,4599
Unterlangenegg,Rural,19.030520646,823
Wachseldorn,Rural,8.823529412,181
Forst-Längenbühl,Intermédiaire (périurbain dense et centres ruraux),26.956521739,618
Affoltern im Emmental,Rural,16.279069767,969
Dürrenroth,Rural,12.682926829,871
Eriswil,Rural,19.947506562,1142
Huttwil,Intermédiaire (périurbain dense et centres ruraux),26.42007926,3669
Lützelflüh,Rural,22.659667542,3413
Rüegsau,Rural,20.216836735,2629
Sumiswald,Rural,21.933085502,4264
Trachselwald,Rural,22.222222222,806
Walterswil (BE),Rural,11.730205279,472
Wyssachen,Rural,13.803680982,952
Attiswil,Rural,28.872366791,1180
Berken,Rural,3.225806452,38
Bettenhausen,Rural,29.792746114,547
Farnern,Rural,25.735294118,192
Graben,Rural,20.786516854,272
Heimenhausen,Rural,28.467153285,881
Herzogenbuchsee,Intermédiaire (périurbain dense et centres ruraux),37.787203959,4931
Inkwil,Rural,35.294117647,536
Niederbipp,Urbain,29.108244532,3240
Niederönz,Intermédiaire (périurbain dense et centres ruraux),34.198113208,1295
Oberbipp,Rural,29.887920299,1234
Ochlenberg,Rural,15.536723164,485
Rumisberg,Rural,29.530201342,403
Seeberg,Rural,29.398410897,1338
Thörigen,Rural,24.877250409,912
Walliswil bei Niederbipp,Rural,33.333333333,175
Walliswil bei Wangen,Rural,33.554817276,503
Wangen an der Aare,Rural,28.778625954,2022
Wiedlisbach,Rural,33.474576271,1680
Doppleschwand,Rural,12.007874016,599
Entlebuch,Rural,10.297961317,2431
Flühli,Rural,10.664172123,1278
Hasle (LU),Rural,11.030082042,1359
Romoos,Rural,6.944444444,500
Schüpfheim,Intermédiaire (périurbain dense et centres ruraux),18.229166667,3155
Werthenstein,Rural,15.830875123,1451
Escholzmatt-Marbach,Rural,12.28604032,3393
Aesch (LU),Rural,27.031019202,920
Ballwil,Intermédiaire (périurbain dense et centres ruraux),27.49827705,1951
Emmen,Urbain,37.208463573,16490
Ermensee,Rural,31.833333333,716
Eschenbach (LU),Intermédiaire (périurbain dense et centres ruraux),30.021953897,2621
Hitzkirch,Intermédiaire (périurbain dense et centres ruraux),30.017271157,4008
Hochdorf,Intermédiaire (périurbain dense et centres ruraux),32.30964467,6140
Hohenrain,Rural,22.472727273,1759
Inwil,Intermédiaire (périurbain dense et centres ruraux),24.226006192,1875
Rain,Intermédiaire (périurbain dense et centres ruraux),23.639896373,2084
Römerswil,Rural,26.007677543,1276
Rothenburg,Urbain,35.829433177,5497
Schongau,Rural,21.452702703,763
Adligenswil,Urbain,44.585755814,3924
Buchrain,Urbain,35.289323553,4026
Dierikon,Urbain,34.397163121,1037
Ebikon,Urbain,38.566206336,8848
Gisikon,Intermédiaire (périurbain dense et centres ruraux),28.291814947,904
Greppen,Rural,33.514492754,767
Honau,Intermédiaire (périurbain dense et centres ruraux),37.234042553,293
Horw,Urbain,42.104457038,9955
Kriens,Urbain,41.263512316,18784
Luzern,Urbain,55.809181841,53421
Malters,Intermédiaire (périurbain dense et centres ruraux),24.124830393,5321
Meggen,Urbain,41.965006729,5328
Meierskappel,Rural,33.28290469,951
Root,Intermédiaire (périurbain dense et centres ruraux),30.425179459,3167
Schwarzenberg,Rural,17.84989858,1278
Udligenswil,Intermédiaire (périurbain dense et centres ruraux),37.034099921,1689
Vitznau,Rural,36.217948718,888
Weggis,Intermédiaire (périurbain dense et centres ruraux),38.31455169,2895
Beromünster,Intermédiaire (périurbain dense et centres ruraux),23.929547525,4591
Büron,Rural,29.872881356,1578
Buttisholz,Rural,18.59384079,2276
Eich,Rural,30.290010741,1261
Geuensee,Rural,33.673469388,1730
Grosswangen,Rural,17.261904762,2237
Hildisrieden,Intermédiaire (périurbain dense et centres ruraux),30.990173847,1754
Knutwil,Rural,33.483348335,1652
Mauensee,Rural,32.720105125,1100
Neuenkirch,Intermédiaire (périurbain dense et centres ruraux),27.957931639,5050
Nottwil,Rural,31.005291005,2757
Oberkirch,Urbain,35.802469136,3478
Rickenbach (LU),Rural,20.49071618,2242
Ruswil,Intermédiaire (périurbain dense et centres ruraux),20.903361345,5123
Schenkon,Urbain,27.915632754,2252
Schlierbach,Rural,21.04283054,655
Sempach,Rural,36.322463768,3025
Sursee,Urbain,41.666666667,7168
Triengen,Intermédiaire (périurbain dense et centres ruraux),25.855513308,2794
Wolhusen,Intermédiaire (périurbain dense et centres ruraux),20.051546392,2741
Alberswil,Rural,16.314199396,465
Altbüron,Rural,22.700587084,733
Altishofen,Intermédiaire (périurbain dense et centres ruraux),15.183246073,1397
Dagmersellen,Rural,24.285714286,3754
Egolzwil,Rural,24.805194805,1122
Ettiswil,Rural,16.229985444,1944
Fischbach,Rural,17.164179104,520
Grossdietwil,Rural,17.400881057,633
Hergiswil bei Willisau,Rural,9.460654288,1413
Luthern,Rural,7.124010554,934
Menznau,Rural,13.333333333,2104
Nebikon,Intermédiaire (périurbain dense et centres ruraux),21.164021164,1508
Pfaffnau,Rural,22.787979967,1822
Reiden,Rural,28.648440508,4362
Roggliswil,Rural,19.212962963,553
Schötz,Rural,21.829405163,2858
Ufhusen,Rural,12.081784387,708
Wauwil,Rural,25.496342738,1486
Wikon,Urbain,38.795986622,972
Zell (LU),Rural,17.690875233,1483
Willisau,Intermédiaire (périurbain dense et centres ruraux),21.880863039,6229
Altdorf (UR),Urbain,40.074719801,6697
Andermatt,Rural,25.577264654,952
Attinghausen,Urbain,19.739952719,1265
Bürglen (UR),Urbain,21.414141414,3030
Erstfeld,Intermédiaire (périurbain dense et centres ruraux),30.114787306,2536
Flüelen,Urbain,30.769230769,1431
Göschenen,Rural,17.391304348,296
Gurtnellen,Rural,20.3187251,403
Hospental,Rural,16,140
Isenthal,Rural,12.891986063,373
Realp,Rural,20.547945205,110
Schattdorf,Urbain,25.201288245,3996
Seedorf (UR),Intermédiaire (périurbain dense et centres ruraux),28.272827283,1430
Seelisberg,Rural,28.059701493,499
Silenen,Rural,20.972644377,1525
Sisikon,Rural,28.915662651,240
Spiringen,Rural,7.485604607,672
Unterschächen,Rural,5.747126437,547
Wassen,Rural,16.847826087,258
Einsiedeln,Urbain,27.099975793,11372
Gersau,Rural,29.892891918,1550
Feusisberg,Intermédiaire (périurbain dense et centres ruraux),29.649936736,3560
Freienbach,Urbain,36.887159533,10082
Wollerau,Urbain,33.635227983,4751
Küssnacht (SZ),Intermédiaire (périurbain dense et centres ruraux),32.901134522,8724
Altendorf,Urbain,31.813709413,4751
Galgenen,Intermédiaire (périurbain dense et centres ruraux),30.738255034,3424
Innerthal,Rural,8.474576271,147
Lachen,Urbain,43.302367396,5408
Reichenburg,Intermédiaire (périurbain dense et centres ruraux),27.879677183,2456
Schübelbach,Urbain,28.318584071,5374
Tuggen,Intermédiaire (périurbain dense et centres ruraux),29.090909091,2300
Vorderthal,Rural,15.652173913,809
Wangen (SZ),Urbain,32.9004329,3767
Alpthal,Rural,13.917525773,477
Arth,Urbain,28.539187526,7293
Illgau,Rural,13.347022587,615
Ingenbohl,Rural,31.394230769,6105
Lauerz,Rural,25.714285714,781
Morschach,Rural,26.617375231,734
Muotathal,Intermédiaire (périurbain dense et centres ruraux),11.425873466,2668
Oberiberg,Rural,23.20441989,706
Riemenstalden,Rural,4.444444444,57
Rothenthurm,Rural,14.057507987,1631
Sattel,Rural,18.208092486,1355
Schwyz,Urbain,29.237572022,10627
Steinen,Rural,24.888888889,2700
Steinerberg,Rural,20.192307692,717
Unteriberg,Rural,12.306610408,1824
Alpnach,Rural,27.92600498,4224
Engelberg,Intermédiaire (périurbain dense et centres ruraux),29.491173416,2644
Giswil,Rural,23.021210554,2696
Kerns,Rural,21.323308271,4612
Lungern,Rural,23.58490566,1602
Sachseln,Intermédiaire (périurbain dense et centres ruraux),33.371958285,3753
Sarnen,Urbain,31.312741313,7527
Beckenried,Rural,26.889848812,2711
Buochs,Rural,26.432748538,3835
Dallenwil,Rural,23.199251637,1467
Emmetten,Rural,25,1128
Ennetbürgen,Rural,29.995845451,3556
Ennetmoos,Rural,24.06779661,1667
Hergiswil (NW),Intermédiaire (périurbain dense et centres ruraux),29.400157853,4014
Oberdorf (NW),Urbain,24.336533032,2326
Stans,Urbain,38.963000252,5985
Stansstad,Urbain,31.247080803,3366
Wolfenschiessen,Rural,19.928186715,1604
Glarus Nord,Urbain,39.182058047,11769
Glarus Süd,Rural,38.48601955,6999
Glarus,Urbain,45.200892857,7812
Baar,Urbain,36.545377618,14564
Cham,Urbain,40.431738623,10488
Hünenberg,Urbain,38.787591759,6030
Menzingen,Intermédiaire (périurbain dense et centres ruraux),30.935569285,3126
Neuheim,Intermédiaire (périurbain dense et centres ruraux),29.462571977,1436
Oberägeri,Urbain,30.19525802,3867
Risch,Urbain,33.594470046,6931
Steinhausen,Urbain,37.933561309,6336
Unterägeri,Urbain,36.093788975,5685
Walchwil,Intermédiaire (périurbain dense et centres ruraux),33.844189017,2154
Zug,Urbain,47.37472208,17433
Châtillon (FR),Rural,26.181818182,372
Cugy (FR),Rural,19.208381839,1213
Fétigny,Rural,24.130879346,722
Gletterens,Rural,31.171548117,724
Lully (FR),Rural,22.4609375,717
Ménières,Rural,13.829787234,261
Montagny (FR),Rural,23.043852107,1767
Nuvilly,Rural,17.924528302,304
Prévondavaux,Rural,11.363636364,59
Saint-Aubin (FR),Rural,23.566878981,1154
Sévaz,Rural,27.338129496,196
Surpierre,Rural,20.034843206,840
Vallon,Rural,25.909090909,301
Les Montets,Rural,19.878603945,977
Delley-Portalban,Rural,30.623818526,845
Belmont-Broye,Rural,26.180048662,3352
Estavayer,Intermédiaire (périurbain dense et centres ruraux),26.988564168,6197
Cheyres-Châbles,Rural,28.49213691,1652
Auboranges,Rural,28.387096774,203
Billens-Hennens,Rural,25.964010283,555
Chapelle (Glâne),Rural,28.402366864,229
Le Châtelard,Rural,10.04784689,259
Châtonnaye,Rural,15.601023018,588
Ecublens (FR),Rural,24.102564103,259
Grangettes,Rural,19.417475728,137
Massonnens,Rural,21.146953405,352
Mézières (FR),Rural,17.798165138,752
Montet (Glâne),Rural,18.264840183,307
Romont (FR),Intermédiaire (périurbain dense et centres ruraux),24.634794157,2592
Rue,Rural,22.349102773,984
Siviriez,Rural,18.637653737,1524
Ursy,Rural,19.037508846,2108
Vuisternens-devant-Romont,Rural,13.990066225,1656
Villorsonnens,Rural,18.156424581,1029
Torny,Rural,20.458891013,682
Villaz,Rural,19.942473634,1479
Haut-Intyamon,Rural,22.440392707,1050
Pont-en-Ogoz,Rural,26.507394767,1358
Botterens,Rural,22.118380062,456
Broc,Intermédiaire (périurbain dense et centres ruraux),22.616407982,1546
Bulle,Urbain,29.931648387,11949
Châtel-sur-Montsalvens,Rural,32.432432432,195
Corbières,Rural,23.660714286,621
Crésuz,Rural,36.893203883,276
Echarlens,Urbain,24.815724816,596
Grandvillard,Rural,26.174496644,577
Gruyères,Intermédiaire (périurbain dense et centres ruraux),25.445897741,1360
Hauteville,Rural,25.862068966,438
Jaun,Rural,16.52892562,487
Marsens,Intermédiaire (périurbain dense et centres ruraux),28.361581921,1334
Morlon,Urbain,29.230769231,456
Le Pâquier (FR),Rural,31.358885017,839
Pont-la-Ville,Rural,11.897106109,428
Riaz,Urbain,24.779541446,1877
La Roche,Rural,17.569193742,1210
Sâles,Rural,16.153846154,1006
Sorens,Rural,27.799227799,748
Vaulruz,Rural,20.194174757,738
Vuadens,Urbain,19.567354966,1594
Bas-Intyamon,Rural,21.129032258,991
Val-de-Charmey,Intermédiaire (périurbain dense et centres ruraux),32.884777124,1760
Autigny,Rural,19.672131148,527
Avry,Intermédiaire (périurbain dense et centres ruraux),30.489335006,1194
Belfaux,Urbain,29.518619437,1841
Chénens,Rural,23.684210526,516
Corminboeuf,Urbain,31.41025641,1900
Cottens (FR),Rural,20.528771384,970
Ferpicloz,Intermédiaire (périurbain dense et centres ruraux),18.181818182,179
Fribourg,Urbain,49.210314982,20166
Givisiez,Urbain,34.682080925,1558
Granges-Paccot,Urbain,31.459566075,1967
Grolley,Intermédiaire (périurbain dense et centres ruraux),31.506849315,1302
Marly,Intermédiaire (périurbain dense et centres ruraux),39.141234918,4826
Matran,Intermédiaire (périurbain dense et centres ruraux),28.523489933,1035
Neyruz (FR),Intermédiaire (périurbain dense et centres ruraux),28.285714286,1738
Pierrafortscha,Rural,18.681318681,113
Ponthaux,Rural,21.951219512,530
Le Mouret,Intermédiaire (périurbain dense et centres ruraux),23.297938788,2185
Treyvaux,Intermédiaire (périurbain dense et centres ruraux),20.181112549,1051
Villars-sur-Glâne,Urbain,39.679200631,6704
Villarsel-sur-Marly,Rural,11.904761905,45
Hauterive (FR),Intermédiaire (périurbain dense et centres ruraux),26.247689464,1704
La Brillaz,Rural,21.842650104,1417
La Sonnaz,Intermédiaire (périurbain dense et centres ruraux),29.622641509,844
Gibloux,Rural,25.962996664,5029
Prez,Rural,23.616600791,1599
Bois-d'Amont,Rural,26.789168279,1518
Courgevaux,Urbain,40.041928721,817
Courtepin,Intermédiaire (périurbain dense et centres ruraux),33.273703041,2762
Cressier (FR),Rural,45.517241379,593
Fräschels,Rural,41.417910448,342
Greng,Rural,49.019607843,131
Gurmels,Intermédiaire (périurbain dense et centres ruraux),35.129740519,3111
Kerzers,Rural,34.430512017,3050
Kleinbösingen,Intermédiaire (périurbain dense et centres ruraux),40.533333333,529
Meyriez,Urbain,49.693251534,445
Misery-Courtion,Rural,24.691358025,1225
Muntelier,Urbain,48.717948718,704
Murten,Urbain,41.918429003,6177
Ried bei Kerzers,Rural,28.455284553,813
Ulmiz,Rural,30.31496063,344
Mont-Vully,Rural,38.848167539,2981
Brünisried,Intermédiaire (périurbain dense et centres ruraux),26.268656716,525
Düdingen,Intermédiaire (périurbain dense et centres ruraux),39.411764706,6014
Giffers,Intermédiaire (périurbain dense et centres ruraux),33.473980309,1206
Bösingen,Intermédiaire (périurbain dense et centres ruraux),35.099750623,2536
Heitenried,Rural,24.755244755,1068
Plaffeien,Rural,31.890930646,2796
Plasselb,Intermédiaire (périurbain dense et centres ruraux),32.411067194,819
Rechthalten,Rural,35.852372583,877
St. Silvester,Rural,21.900826446,751
St. Ursen,Rural,34.887218045,1007
Schmitten (FR),Intermédiaire (périurbain dense et centres ruraux),37.967914439,3030
Tafers,Rural,35.749724366,5765
Tentlingen,Intermédiaire (périurbain dense et centres ruraux),32.741935484,1008
Ueberstorf,Rural,27.870150435,1871
Wünnewil-Flamatt,Intermédiaire (périurbain dense et centres ruraux),38.765670203,3623
Attalens,Intermédiaire (périurbain dense et centres ruraux),26.041666667,2262
Bossonnens,Intermédiaire (périurbain dense et centres ruraux),23.163841808,890
Châtel-Saint-Denis,Intermédiaire (périurbain dense et centres ruraux),22.702278083,4251
Granges (Veveyse),Rural,30.872483221,601
Remaufens,Intermédiaire (périurbain dense et centres ruraux),23.90438247,758
Saint-Martin (FR),Rural,24.760076775,735
Semsales,Rural,15.718562874,990
Le Flon,Rural,20.5,813
La Verrerie,Rural,14.583333333,865
Egerkingen,Rural,28.34179357,2216
Härkingen,Rural,28.407460545,1115
Kestenholz,Rural,32.683982684,1381
Neuendorf,Rural,30.753968254,1613
Niederbuchsiten,Rural,22.045855379,900
Oberbuchsiten,Rural,33.291298865,1399
Oensingen,Urbain,33.667781494,3362
Wolfwil,Rural,28.173076923,1717
Aedermannsdorf,Rural,25.797101449,471
Balsthal,Rural,35.583684951,3513
Herbetswil,Rural,19.230769231,439
Holderbank (SO),Rural,23.659305994,539
Laupersdorf,Rural,25.519630485,1323
Matzendorf,Rural,25.07788162,1040
Mümliswil-Ramiswil,Rural,22.256331543,1856
Welschenrohr-Gänsbrunnen,Rural,30.487804878,885
Biezwil,Rural,33.157894737,265
Lüterkofen-Ichertswil,Intermédiaire (périurbain dense et centres ruraux),31.15942029,706
Messen,Rural,29.454022989,1140
Schnottwil,Rural,30.448222566,901
Unterramsern,Rural,16.666666667,181
Lüsslingen-Nennigkofen,Rural,45.043478261,817
Buchegg,Rural,34.758704948,2318
Bättwil,Intermédiaire (périurbain dense et centres ruraux),39.087301587,835
Büren (SO),Rural,38.675213675,749
Dornach,Urbain,54.219030521,4326
Gempen,Rural,53.773584906,609
Hochwald,Rural,48.214285714,960
Hofstetten-Flüh,Intermédiaire (périurbain dense et centres ruraux),38.80171184,2225
Metzerlen-Mariastein,Rural,29.345794393,699
Nuglar-St. Pantaleon,Rural,39.603960396,1193
Rodersdorf,Rural,57.928388747,1037
Seewen,Rural,32.382550336,842
Witterswil,Intermédiaire (périurbain dense et centres ruraux),36.810730253,1021
Hauenstein-Ifenthal,Rural,47.239263804,231
Kienberg,Rural,25.78125,379
Lostorf,Intermédiaire (périurbain dense et centres ruraux),39.140022051,2981
Niedergösgen,Urbain,32.905660377,2372
Obergösgen,Urbain,36.714975845,1531
Stüsslingen,Rural,33.678756477,935
Trimbach,Urbain,49.267049076,3428
Winznau,Urbain,37.367021277,1362
Wisen (SO),Rural,47.272727273,345
Erlinsbach (SO),Urbain,38.705137227,2433
Aeschi (SO),Rural,39.130434783,1032
Biberist,Urbain,41.915614413,5773
Bolken,Rural,32.8125,454
Deitingen,Intermédiaire (périurbain dense et centres ruraux),30.320699708,1660
Derendingen,Urbain,41.167274622,3808
Etziken,Rural,27.008928571,738
Gerlafingen,Urbain,42.608695652,2740
Halten,Intermédiaire (périurbain dense et centres ruraux),40.415704388,662
Horriwil,Intermédiaire (périurbain dense et centres ruraux),39.237668161,655
Hüniken,Rural,39.56043956,116
Kriegstetten,Intermédiaire (périurbain dense et centres ruraux),33.856893543,972
Lohn-Ammannsegg,Intermédiaire (périurbain dense et centres ruraux),38.247566064,2232
Luterbach,Intermédiaire (périurbain dense et centres ruraux),42.519685039,2435
Obergerlafingen,Intermédiaire (périurbain dense et centres ruraux),35.047619048,906
Oekingen,Intermédiaire (périurbain dense et centres ruraux),36.596736597,644
Recherswil,Intermédiaire (périurbain dense et centres ruraux),35.675675676,1516
Subingen,Urbain,35.281690141,2183
Zuchwil,Urbain,45.734597156,4496
Drei Höfe,Rural,34.102564103,578
Balm bei Günsberg,Rural,42.857142857,163
Bellach,Urbain,36.525612472,3206
Bettlach,Urbain,33.315899582,3428
Feldbrunnen-St. Niklaus,Urbain,36.727272727,770
Flumenthal,Rural,32.857142857,798
Grenchen,Urbain,39.661016949,9801
Günsberg,Rural,33.610648918,946
Hubersdorf,Intermédiaire (périurbain dense et centres ruraux),36.094674556,562
Kammersrohr,Rural,13.043478261,35
Langendorf,Urbain,47.984644914,2652
Lommiswil,Rural,38.166047088,1206
Oberdorf (SO),Urbain,46.417445483,1371
Riedholz,Intermédiaire (périurbain dense et centres ruraux),42.63494968,1686
Rüttenen,Intermédiaire (périurbain dense et centres ruraux),46.825396825,1169
Selzach,Intermédiaire (périurbain dense et centres ruraux),31.478873239,2434
Boningen,Rural,32.716049383,547
Däniken,Urbain,33.202742409,1878
Dulliken,Urbain,41.757387247,2505
Eppenberg-Wöschnau,Urbain,38.144329897,182
Fulenbach,Rural,34.975369458,1271
Gretzenbach,Urbain,34.409687185,1706
Gunzgen,Rural,33.676470588,1213
Hägendorf,Urbain,35.428571429,3258
Kappel (SO),Urbain,37.037037037,2124
Olten,Urbain,57.909132351,11424
Rickenbach (SO),Urbain,34.844868735,735
Schönenwerd,Urbain,42.172523962,2609
Starrkirch-Wil,Urbain,50.769230769,1232
Walterswil (SO),Intermédiaire (périurbain dense et centres ruraux),39.144736842,540
Wangen bei Olten,Urbain,41.226666667,3331
Solothurn,Urbain,56.423658872,11618
Bärschwil,Rural,50.114942529,648
Beinwil (SO),Rural,17.934782609,219
Breitenbach,Intermédiaire (périurbain dense et centres ruraux),37.455579247,2504
Büsserach,Intermédiaire (périurbain dense et centres ruraux),36.469447139,1672
Erschwil,Rural,36.258660508,676
Fehren,Intermédiaire (périurbain dense et centres ruraux),36.462093863,471
Grindel,Rural,46.296296296,393
Himmelried,Rural,44.854368932,728
Kleinlützel,Rural,42.37012987,966
Meltingen,Intermédiaire (périurbain dense et centres ruraux),36.388140162,509
Nunningen,Intermédiaire (périurbain dense et centres ruraux),36.853448276,1525
Zullwil,Intermédiaire (périurbain dense et centres ruraux),26.838235294,462
Basel,Urbain,60.848872446,91186
Bettingen,Urbain,33.611691023,719
Riehen,Urbain,46.312928386,13020
Aesch (BL),Urbain,39.773691655,6611
Allschwil,Urbain,45.448008054,13209
Arlesheim,Urbain,54.857881137,6294
Biel-Benken,Intermédiaire (périurbain dense et centres ruraux),39.584605987,2485
Binningen,Urbain,45.897127129,9783
Birsfelden,Urbain,50.102669405,6275
Bottmingen,Urbain,41.230416507,4281
Ettingen,Intermédiaire (périurbain dense et centres ruraux),42.046964998,3802
Münchenstein,Urbain,50.720461095,7621
Muttenz,Urbain,43.633353402,12032
Oberwil (BL),Urbain,40.277777778,7335
Pfeffingen,Urbain,34.383688601,1685
Reinach (BL),Urbain,42.967869222,12503
Schönenbuch,Rural,43,1081
Therwil,Urbain,41.087991978,6989
Blauen,Rural,42.005420054,544
Brislach,Intermédiaire (périurbain dense et centres ruraux),34.441489362,1250
Burg im Leimental,Rural,49.659863946,217
Dittingen,Intermédiaire (périurbain dense et centres ruraux),51.063829787,540
Duggingen,Intermédiaire (périurbain dense et centres ruraux),41.853035144,1014
Grellingen,Intermédiaire (périurbain dense et centres ruraux),36.890243902,1184
Laufen,Intermédiaire (périurbain dense et centres ruraux),43.572778828,3673
Liesberg,Rural,38.113207547,845
Nenzlingen,Rural,42.857142857,328
Roggenburg,Rural,33.112582781,234
Röschenz,Intermédiaire (périurbain dense et centres ruraux),46.29822732,1412
Wahlen,Intermédiaire (périurbain dense et centres ruraux),30.948905109,1091
Zwingen,Intermédiaire (périurbain dense et centres ruraux),37.296620776,1548
Arisdorf,Intermédiaire (périurbain dense et centres ruraux),26.953125,1249
Augst,Urbain,39.302325581,687
Bubendorf,Intermédiaire (périurbain dense et centres ruraux),38.485639687,3076
Frenkendorf,Urbain,41.774193548,3671
Füllinsdorf,Urbain,38.217420662,2770
Giebenach,Rural,36.272040302,701
Hersberg,Rural,41.573033708,261
Lausen,Urbain,37.506520605,3343
Liestal,Urbain,47.002778881,9242
Lupsingen,Rural,43.223965763,1051
Pratteln,Urbain,44.328429046,8130
Ramlinsburg,Rural,44.652406417,546
Seltisberg,Intermédiaire (périurbain dense et centres ruraux),41.61849711,1006
Ziefen,Rural,42.427884615,1177
Anwil,Rural,32.989690722,418
Böckten,Intermédiaire (périurbain dense et centres ruraux),37.046632124,572
Buckten,Rural,36.217948718,489
Buus,Rural,31.040892193,823
Diepflingen,Intermédiaire (périurbain dense et centres ruraux),30.536912752,516
Gelterkinden,Intermédiaire (périurbain dense et centres ruraux),39.935298347,4244
Häfelfingen,Rural,22.463768116,198
Hemmiken,Rural,27.464788732,216
Itingen,Urbain,38.317757009,1433
Känerkinden,Rural,33.20610687,416
Kilchberg (BL),Rural,40.860215054,119
Läufelfingen,Rural,35.510887772,945
Maisprach,Rural,37.909836066,698
Nusshof,Rural,40.425531915,199
Oltingen,Rural,41.114982578,376
Ormalingen,Intermédiaire (périurbain dense et centres ruraux),31.297709924,1692
Rickenbach (BL),Rural,25.242718447,462
Rothenfluh,Rural,31.979695431,607
Rümlingen,Rural,25.748502994,275
Rünenberg,Rural,38.028169014,610
Sissach,Intermédiaire (périurbain dense et centres ruraux),39.621981099,4732
Tecknau,Rural,26.691729323,488
Tenniken,Rural,32.524271845,702
Thürnen,Intermédiaire (périurbain dense et centres ruraux),27.675276753,935
Wenslingen,Rural,34.761904762,562
Wintersingen,Rural,23.699421965,491
Wittinsburg,Rural,30.039525692,338
Zeglingen,Rural,35.451505017,390
Zunzgen,Intermédiaire (périurbain dense et centres ruraux),31.914893617,1803
Arboldswil,Rural,22.185430464,449
Bennwil,Rural,24.376731302,498
Bretzwil,Rural,26.381909548,582
Diegten,Rural,26.081424936,1195
Eptingen,Rural,22.264150943,402
Hölstein,Intermédiaire (périurbain dense et centres ruraux),32.642998028,1716
Lampenberg,Intermédiaire (périurbain dense et centres ruraux),31.558935361,393
Langenbruck,Rural,38.926174497,706
Lauwil,Rural,30.065359477,239
Liedertswil,Rural,20,120
Niederdorf,Intermédiaire (périurbain dense et centres ruraux),34.161490683,1176
Oberdorf (BL),Intermédiaire (périurbain dense et centres ruraux),34.474885845,1569
Reigoldswil,Rural,35.944700461,1189
Titterten,Rural,37.394957983,339
Waldenburg,Rural,40.379403794,717
Gächlingen,Rural,31.115459883,668
Löhningen,Rural,35.950920245,1039
Neunkirch,Intermédiaire (périurbain dense et centres ruraux),38.418972332,1639
Büttenhardt,Rural,36.693548387,313
Dörflingen,Rural,39.238095238,690
Lohn (SH),Rural,33.849557522,554
Stetten (SH),Rural,36.530324401,902
Thayngen,Intermédiaire (périurbain dense et centres ruraux),36.534767576,3441
Bargen (SH),Rural,30.97826087,235
Beringen,Intermédiaire (périurbain dense et centres ruraux),34.370946822,3224
Buchberg,Rural,34.003656307,667
Merishausen,Rural,33.613445378,618
Neuhausen am Rheinfall,Urbain,48.062015504,5302
Rüdlingen,Rural,42.566191446,599
Schaffhausen,Urbain,52.847165419,23442
Beggingen,Rural,24.834437086,385
Schleitheim,Intermédiaire (périurbain dense et centres ruraux),27.488151659,1228
Siblingen,Rural,35.610766046,638
Buch (SH),Rural,39.263803681,211
Hemishofen,Rural,38.996138996,337
Ramsen,Rural,35.384615385,897
Stein am Rhein,Intermédiaire (périurbain dense et centres ruraux),50.290023202,2367
Hallau,Rural,31.88034188,1562
Oberhallau,Rural,21.631205674,340
Trasadingen,Intermédiaire (périurbain dense et centres ruraux),37.583892617,403
Wilchingen,Rural,31.095041322,1244
Herisau,Urbain,35.19524618,10304
Hundwil,Rural,20.192307692,704
Schönengrund,Rural,21.283783784,399
Schwellbrunn,Rural,24.57337884,1174
Stein (AR),Rural,39.4703657,1068
Urnäsch,Rural,23.837700761,1660
Waldstatt,Intermédiaire (périurbain dense et centres ruraux),28.213507625,1287
Bühler,Rural,32.0056899,1130
Gais,Rural,47.817715019,2277
Speicher,Intermédiaire (périurbain dense et centres ruraux),47.864438254,3153
Teufen (AR),Intermédiaire (périurbain dense et centres ruraux),43.630282761,4798
Trogen,Intermédiaire (périurbain dense et centres ruraux),58.743455497,1350
Grub (AR),Intermédiaire (périurbain dense et centres ruraux),42.379958246,697
Heiden,Intermédiaire (périurbain dense et centres ruraux),41.156840934,2814
Lutzenberg,Intermédiaire (périurbain dense et centres ruraux),38.971807629,874
Rehetobel,Rural,50.702702703,1305
Reute (AR),Rural,37.196765499,533
Wald (AR),Rural,39.748953975,678
Walzenhausen,Intermédiaire (périurbain dense et centres ruraux),36.713286713,1396
Wolfhalden,Intermédiaire (périurbain dense et centres ruraux),42.511520737,1311
Appenzell,Intermédiaire (périurbain dense et centres ruraux),28.869420108,3900
Gonten,Rural,15.612903226,1068
Schlatt-Haslen,Rural,19.237435009,822
Oberegg,Rural,27.79886148,1460
Schwende-Rüte,Rural,25.823045267,4400
Häggenschwil,Rural,23.949579832,963
Muolen,Rural,20.987654321,870
St. Gallen,Urbain,54.016508959,44323
Wittenbach,Urbain,36.976669863,5843
Berg (SG),Intermédiaire (périurbain dense et centres ruraux),34.324942792,621
Eggersriet,Rural,38.83161512,1646
Goldach,Urbain,38.368771818,5896
Mörschwil,Intermédiaire (périurbain dense et centres ruraux),33.856988082,2687
Rorschach,Urbain,50.617283951,4140
Rorschacherberg,Urbain,40.651340996,4506
Steinach,Urbain,36.072308956,2221
Tübach,Urbain,35.103244838,1039
Untereggen,Rural,32.196969697,763
Au (SG),Urbain,37.229437229,4222
Balgach,Urbain,36.978341257,3079
Berneck,Urbain,34.912394549,2544
Diepoldsau,Urbain,32.18641115,3963
Rheineck,Intermédiaire (périurbain dense et centres ruraux),31.681243926,1902
St. Margrethen,Urbain,28.42019544,2475
Thal,Urbain,37.117396358,4245
Widnau,Urbain,45.795246801,5819
Altstätten,Urbain,33.831908832,6970
Eichberg,Rural,33.333333333,1041
Marbach (SG),Urbain,37.599093998,1375
Oberriet (SG),Intermédiaire (périurbain dense et centres ruraux),24.786545925,5945
Rebstein,Urbain,35.820895522,2695
Rüthi (SG),Rural,31.657754011,1463
Buchs (SG),Urbain,39.658169177,6345
Gams,Intermédiaire (périurbain dense et centres ruraux),34.357923497,2179
Grabs,Urbain,32.442489851,4662
Sennwald,Rural,34.248627059,3285
Sevelen,Intermédiaire (périurbain dense et centres ruraux),33.83805135,2575
Wartau,Rural,38.536335722,2985
Bad Ragaz,Intermédiaire (périurbain dense et centres ruraux),39.358337099,3804
Flums,Intermédiaire (périurbain dense et centres ruraux),28.681375064,3175
Mels,Urbain,30.253270248,5869
Pfäfers,Rural,24.585635359,1091
Quarten,Rural,32.68115942,2052
Sargans,Urbain,42.636746143,3723
Vilters-Wangs,Urbain,35.459305093,3276
Walenstadt,Intermédiaire (périurbain dense et centres ruraux),39.110707804,3802
Amden,Rural,35.840707965,1380
Benken (SG),Rural,28.715170279,2030
Kaltbrunn,Rural,31.33640553,3193
Schänis,Intermédiaire (périurbain dense et centres ruraux),32.382061736,2676
Weesen,Intermédiaire (périurbain dense et centres ruraux),43.734643735,1286
Schmerikon,Urbain,43.230769231,2449
Uznach,Urbain,37.686746988,3804
Rapperswil-Jona,Urbain,49.331365858,18637
Gommiswald,Rural,31.993633108,3849
Eschenbach (SG),Intermédiaire (périurbain dense et centres ruraux),30.023419204,6512
Ebnat-Kappel,Intermédiaire (périurbain dense et centres ruraux),30.94355171,3476
Wildhaus-Alt St. Johann,Rural,28.625954198,1825
Nesslau,Rural,24.901574803,2738
Lichtensteig,Urbain,37.594936709,1266
Wattwil,Urbain,32.439900525,5545
Kirchberg (SG),Intermédiaire (périurbain dense et centres ruraux),25.365434222,5253
Lütisburg,Rural,26.104972376,1054
Mosnang,Rural,16.428126945,2118
Bütschwil-Ganterschwil,Rural,21.693583588,3401
Neckertal,Rural,27.851622875,4422
Degersheim,Intermédiaire (périurbain dense et centres ruraux),39.63963964,2534
Flawil,Urbain,37.851809305,6066
Jonschwil,Intermédiaire (périurbain dense et centres ruraux),35.517241379,2625
Oberuzwil,Urbain,34.455755677,4155
Uzwil,Urbain,33.032407407,7724
Niederbüren,Rural,20.591861899,1058
Niederhelfenschwil,Rural,24.222797927,2223
Oberbüren,Urbain,24.531024531,3115
Zuzwil (SG),Intermédiaire (périurbain dense et centres ruraux),33.790965456,3367
Wil (SG),Urbain,41.649074879,14284
Andwil (SG),Intermédiaire (périurbain dense et centres ruraux),26.273726274,1465
Gaiserwald,Urbain,35.759406756,5780
Gossau (SG),Urbain,32.521637084,11761
Waldkirch,Intermédiaire (périurbain dense et centres ruraux),18.88825865,2463
Vaz/Obervaz,Rural,34.772182254,1898
Lantsch/Lenz,Rural,32.530120482,403
Schmitten (GR),Rural,40.869565217,178
Albula/Alvra,Rural,38.743455497,971
Surses,Rural,36.179981635,1777
Bergün Filisur,Rural,41.189427313,663
Brusio,Rural,30.309278351,884
Poschiavo,Intermédiaire (périurbain dense et centres ruraux),32.785849653,2787
Falera,Rural,34.567901235,466
Laax,Rural,40.93637455,1362
Sagogn,Rural,43.401759531,563
Schluein,Rural,32.589285714,407
Vals,Rural,26.582278481,717
Lumnezia,Rural,26.374650513,1705
Ilanz/Glion,Intermédiaire (périurbain dense et centres ruraux),34.256559767,3516
Fürstenau,Rural,35.365853659,252
Rothenbrunnen,Rural,34.782608696,217
Scharans,Rural,47.47706422,653
Sils im Domleschg,Rural,35.792349727,666
Cazis,Intermédiaire (périurbain dense et centres ruraux),34.787123572,1659
Flerden,Rural,27.272727273,187
Masein,Rural,42.1875,367
Thusis,Intermédiaire (périurbain dense et centres ruraux),40.45174538,1940
Tschappina,Rural,23.595505618,108
Urmein,Rural,27.722772277,121
Safiental,Rural,27.397260274,781
Domleschg,Rural,44.991511036,1675
Avers,Rural,22.222222222,138
Sufers,Rural,39.726027397,101
Andeer,Rural,42.201834862,692
Rongellen,Rural,40.740740741,42
Zillis-Reischen,Rural,34.736842105,285
Ferrera,Rural,36.842105263,59
Rheinwald,Rural,25.386996904,474
Muntogna da Schons,Rural,23.423423423,295
Bonaduz,Intermédiaire (périurbain dense et centres ruraux),40.042826552,2418
Domat/Ems,Intermédiaire (périurbain dense et centres ruraux),38.557401813,5136
Rhäzüns,Rural,35.058430718,1018
Felsberg,Intermédiaire (périurbain dense et centres ruraux),38.173515982,1845
Flims,Intermédiaire (périurbain dense et centres ruraux),45.151280062,1939
Tamins,Rural,43.622920518,891
Trin,Rural,50.59602649,1091
Zernez,Rural,33.748271093,1057
Samnaun,Rural,28.228228228,502
Scuol,Intermédiaire (périurbain dense et centres ruraux),42.658730159,3227
Valsot,Rural,37.303370787,680
Bever,Rural,43.831168831,444
Celerina/Schlarigna,Rural,36.188811189,976
Madulain,Rural,39.423076923000004,145
Pontresina,Intermédiaire (périurbain dense et centres ruraux),35.751295337,1249
La Punt Chamues-ch,Rural,36.101083032,479
Samedan,Intermédiaire (périurbain dense et centres ruraux),35.755573906,1954
St. Moritz,Urbain,37.5,2649
S-chanf,Rural,37.46130031,502
Sils im Engadin/Segl,Rural,41.605839416,447
Silvaplana,Rural,35.694822888,673
Zuoz,Rural,40,725
Bregaglia,Rural,36.016371078,1233
Buseno,Rural,24.242424242,75
Castaneda,Rural,39.864864865,244
Rossa,Rural,22.916666667,171
Santa Maria in Calanca,Rural,45.614035088,98
Lostallo,Rural,32.026143791,584
Mesocco,Rural,33.333333333,961
Soazza,Rural,26.388888889,246
Cama,Rural,24.657534247,384
Grono,Rural,31.531531532,889
Roveredo (GR),Rural,35.558408216,1653
San Vittore,Intermédiaire (périurbain dense et centres ruraux),28.273809524,622
Calanca,Rural,25.510204082,189
Val Müstair,Rural,27.284263959,1224
Davos,Urbain,36.849676337,6801
Fideris,Rural,35.081967213,479
Furna,Rural,14.0625,165
Jenaz,Rural,32.857142857,873
Klosters,Intermédiaire (périurbain dense et centres ruraux),32.583754016,3162
Conters im Prättigau,Rural,34.821428571,169
Küblis,Rural,33.078880407,603
Luzein,Rural,29.391100703,1251
Chur,Urbain,46.738976322,26045
Churwalden,Rural,40.617577197,1388
Arosa,Intermédiaire (périurbain dense et centres ruraux),30.318379161,2172
Tschiertschen-Praden,Rural,27.388535032,235
Trimmis,Intermédiaire (périurbain dense et centres ruraux),34.710193205,2417
Untervaz,Intermédiaire (périurbain dense et centres ruraux),39.130434783,1908
Zizers,Urbain,32.974137931,2517
Fläsch,Rural,37.727272727,643
Jenins,Rural,40.19047619,716
Maienfeld,Rural,39.828269485,2357
Malans,Rural,46.64,1876
Landquart,Urbain,37.487953742,5860
Grüsch,Rural,39.391143911,1642
Schiers,Intermédiaire (périurbain dense et centres ruraux),34.385964912,1897
Seewis im Prättigau,Rural,40.121580547,1046
Breil/Brigels,Rural,29.116684842,1401
Disentis/Mustér,Rural,28.207739308,1554
Medel (Lucmagn),Rural,25.714285714,312
Sumvitg,Rural,29.658385093,969
Tujetsch,Rural,33.919156415,969
Trun,Rural,30.019493177,955
Obersaxen Mundaun,Rural,20.401854714,922
Aarau,Urbain,55.715871254,14346
Biberstein,Intermédiaire (périurbain dense et centres ruraux),44.602609727,1184
Buchs (AG),Urbain,42.931937173,4231
Densbüren,Rural,23.664122137,558
Erlinsbach (AG),Urbain,37.533512064,2998
Gränichen,Urbain,34.858912595,5224
Hirschthal,Intermédiaire (périurbain dense et centres ruraux),29.972375691,1156
Küttigen,Urbain,45.766423358,4363
Muhen,Intermédiaire (périurbain dense et centres ruraux),27.44047619,2779
Oberentfelden,Urbain,36.987951807,4779
Suhr,Urbain,47.974683544,5704
Unterentfelden,Urbain,43.001261034,2589
Baden,Urbain,55.4950905,13584
Bellikon,Intermédiaire (périurbain dense et centres ruraux),39.210850801,1164
Bergdietikon,Urbain,40.635738832,1859
Birmenstorf (AG),Intermédiaire (périurbain dense et centres ruraux),34.995700774,1915
Ennetbaden,Urbain,57.486979167,2230
Fislisbach,Urbain,34.789473684,3400
Freienwil,Rural,42.476190476,743
Gebenstorf,Urbain,41.280947255,3321
Killwangen,Urbain,39.84375,1191
Künten,Rural,33.374384236,1265
Mägenwil,Intermédiaire (périurbain dense et centres ruraux),33.428571429,1261
Mellingen,Intermédiaire (périurbain dense et centres ruraux),37.409200969,3143
Neuenhof,Urbain,38.154761905,3703
Niederrohrdorf,Intermédiaire (périurbain dense et centres ruraux),35.615650173,2862
Oberrohrdorf,Intermédiaire (périurbain dense et centres ruraux),39.089394781,2784
Obersiggenthal,Urbain,45.198506956,4885
Remetschwil,Intermédiaire (périurbain dense et centres ruraux),32.743362832,1403
Spreitenbach,Urbain,38.224730631,4689
Stetten (AG),Intermédiaire (périurbain dense et centres ruraux),34.512195122,1415
Untersiggenthal,Urbain,44.167962675,4198
Wettingen,Urbain,46.691480562,12526
Wohlenschwil,Intermédiaire (périurbain dense et centres ruraux),40.592592593,1081
Würenlingen,Intermédiaire (périurbain dense et centres ruraux),27.853107345,2921
Würenlos,Urbain,37.40924723,4181
Ehrendingen,Intermédiaire (périurbain dense et centres ruraux),35.621699472,3199
Arni (AG),Intermédiaire (périurbain dense et centres ruraux),42.046718576,1281
Berikon,Urbain,40.536437247,3192
Bremgarten (AG),Urbain,49.371069182,5439
Büttikon,Intermédiaire (périurbain dense et centres ruraux),30.309734513,716
Dottikon,Intermédiaire (périurbain dense et centres ruraux),35.575221239,2016
Eggenwil,Intermédiaire (périurbain dense et centres ruraux),39.729119639,689
Fischbach-Göslikon,Intermédiaire (périurbain dense et centres ruraux),29.008746356,1076
Hägglingen,Intermédiaire (périurbain dense et centres ruraux),34.43766347,1698
Jonen,Intermédiaire (périurbain dense et centres ruraux),40.582524272,1503
Niederwil (AG),Intermédiaire (périurbain dense et centres ruraux),30.676949443,1903
Oberlunkhofen,Intermédiaire (périurbain dense et centres ruraux),42.303969022,1498
Oberwil-Lieli,Intermédiaire (périurbain dense et centres ruraux),44.009983361,1780
Rudolfstetten-Friedlisberg,Urbain,42.818057456,2653
Sarmenstorf,Rural,27.940074906,2019
Tägerig,Intermédiaire (périurbain dense et centres ruraux),31.205673759,934
Uezwil,Rural,25.78125,359
Unterlunkhofen,Intermédiaire (périurbain dense et centres ruraux),34.036568214,1074
Villmergen,Urbain,32.378472222,4148
Widen,Urbain,40.591715976,2593
Wohlen (AG),Urbain,39.624309392,8411
Zufikon,Urbain,39.384454877,3008
Islisberg,Rural,38.80126183,450
Auenstein,Intermédiaire (périurbain dense et centres ruraux),36.30406291,1192
Birr,Intermédiaire (périurbain dense et centres ruraux),36.522633745,1970
Birrhard,Rural,37.541528239,528
Brugg,Urbain,48.294357434,7685
Habsburg,Rural,37.398373984,338
Hausen (AG),Urbain,31.156462585,2314
Lupfig,Intermédiaire (périurbain dense et centres ruraux),33.408919123,2138
Mandach,Rural,18.47826087,238
Mönthal,Rural,32.474226804,290
Mülligen,Intermédiaire (périurbain dense et centres ruraux),34.246575342,697
Remigen,Rural,35.73943662,869
Riniken,Intermédiaire (périurbain dense et centres ruraux),35.48951049,964
Rüfenach,Intermédiaire (périurbain dense et centres ruraux),32.104121475,636
Thalheim (AG),Rural,29.707112971,642
Veltheim (AG),Intermédiaire (périurbain dense et centres ruraux),36.628849271,1008
Villigen,Rural,37.247924081,1307
Villnachern,Rural,34.159779614,1120
Windisch,Urbain,50.746840291,4497
Bözberg,Rural,36.848341232,1216
Schinznach,Intermédiaire (périurbain dense et centres ruraux),33.121019108,1619
Beinwil am See,Urbain,43.259162304,2394
Birrwil,Rural,38.75432526,899
Dürrenäsch,Rural,25,914
Gontenschwil,Rural,27.937915743,1471
Holziken,Intermédiaire (périurbain dense et centres ruraux),25,1080
Leimbach (AG),Rural,31.12033195,360
Leutwil,Rural,27.972027972,574
Menziken,Urbain,33.34939759,3883
Oberkulm,Rural,27.433628319,1739
Reinach (AG),Urbain,31.653687586,4411
Schlossrued,Rural,22.43902439,645
Schmiedrued,Rural,25.223613596,866
Schöftland,Intermédiaire (périurbain dense et centres ruraux),32.336655592,3062
Teufenthal (AG),Rural,29.58677686,1044
Unterkulm,Rural,35.100548446,1965
Zetzwil,Rural,25.477707006,963
Eiken,Intermédiaire (périurbain dense et centres ruraux),27.856225931,1460
Frick,Intermédiaire (périurbain dense et centres ruraux),34.103749358,3429
Gansingen,Rural,25.959780622,771
Gipf-Oberfrick,Intermédiaire (périurbain dense et centres ruraux),36.637681159,2650
Kaisten,Rural,30.634774609,1839
Laufenburg,Rural,30.845771144,1991
Münchwilen (AG),Urbain,34.210526316,601
Oberhof,Rural,34.640522876,402
Oeschgen,Intermédiaire (périurbain dense et centres ruraux),31.947483589,720
Schwaderloch,Rural,24.686192469,431
Sisseln,Intermédiaire (périurbain dense et centres ruraux),33.783783784,987
Wittnau,Rural,29.282576867,989
Wölflinswil,Rural,23.357664234,761
Zeihen,Rural,27.5390625,781
Mettauertal,Rural,26.974358974,1462
Böztal,Rural,28.401360544,1858
Herznach-Ueken,Intermédiaire (périurbain dense et centres ruraux),27.822944896,1678
Ammerswil,Rural,42.356687898,487
Boniswil,Rural,37.997256516,1102
Brunegg,Intermédiaire (périurbain dense et centres ruraux),29.962546816,531
Dintikon,Intermédiaire (périurbain dense et centres ruraux),29.447115385,1366
Egliswil,Rural,32.17270195,1072
Fahrwangen,Rural,35.705812574,1454
Hallwil,Rural,30.423280423,638
Hendschiken,Intermédiaire (périurbain dense et centres ruraux),34.560327198,870
Holderbank (AG),Urbain,24.935064935,796
Hunzenschwil,Intermédiaire (périurbain dense et centres ruraux),30.587204207,2377
Lenzburg,Urbain,50.734312417,6576
Meisterschwanden,Rural,36.804049168,2132
Möriken-Wildegg,Urbain,34.459459459,2916
Niederlenz,Urbain,44.049247606,2714
Othmarsingen,Intermédiaire (périurbain dense et centres ruraux),33.499005964,1774
Rupperswil,Intermédiaire (périurbain dense et centres ruraux),33.54069466,3474
Schafisheim,Intermédiaire (périurbain dense et centres ruraux),38.770491803,1945
Seengen,Rural,35.160493827,2995
Seon,Rural,31.562661166,3162
Staufen,Urbain,41.318422602,2676
Abtwil,Rural,23.841059603,633
Aristau,Rural,26.647144949,1006
Auw,Rural,24.285714286,1344
Beinwil (Freiamt),Rural,19.395866455,837
Besenbüren,Rural,30.188679245,447
Bettwil,Rural,29.213483146,468
Boswil,Rural,26.018287614,1889
Bünzen,Intermédiaire (périurbain dense et centres ruraux),30.019120459,777
Buttwil,Rural,37.833333333,880
Dietwil,Rural,21.644295302,882
Geltwil,Rural,27.049180328,154
Kallern,Rural,24.747474747,275
Merenschwand,Intermédiaire (périurbain dense et centres ruraux),29.678638941,2349
Mühlau,Rural,25,811
Muri (AG),Intermédiaire (périurbain dense et centres ruraux),34.979807394,5339
Oberrüti,Rural,28.862973761,1036
Rottenschwil,Rural,35.648148148,662
Sins,Intermédiaire (périurbain dense et centres ruraux),26.357827476,2746
Waltenschwil,Intermédiaire (périurbain dense et centres ruraux),35.011990408,2091
Hellikon,Intermédiaire (périurbain dense et centres ruraux),21.921182266,601
Kaiseraugst,Urbain,38.65652725,3210
Magden,Intermédiaire (périurbain dense et centres ruraux),36.455412227,2665
Möhlin,Intermédiaire (périurbain dense et centres ruraux),32.961517011,6763
Mumpf,Intermédiaire (périurbain dense et centres ruraux),35.062240664,886
Obermumpf,Rural,31.004366812,725
Olsberg,Rural,34.574468085,261
Rheinfelden,Urbain,45.365626456,7677
Schupfart,Rural,24.384236453,571
Stein (AG),Urbain,36.835599506,1632
Wallbach,Urbain,29.750271444,1393
Wegenstetten,Intermédiaire (périurbain dense et centres ruraux),30.844793713,763
Zeiningen,Intermédiaire (périurbain dense et centres ruraux),33.123028391,1625
Zuzgen,Rural,32.530120482,633
Aarburg,Urbain,39.147670961,4017
Bottenwil,Rural,26.612903226,610
Brittnau,Urbain,31.506090808,2892
Kirchleerau,Rural,21.890547264,625
Kölliken,Intermédiaire (périurbain dense et centres ruraux),34.662576687,2877
Moosleerau,Rural,22.282608696,642
Murgenthal,Rural,28.623188406,1960
Oftringen,Urbain,39.449541284,7299
Reitnau,Rural,22.842639594,1098
Rothrist,Rural,30.143369176,5682
Safenwil,Intermédiaire (périurbain dense et centres ruraux),31.313131313,2615
Staffelbach,Rural,25.044091711,917
Strengelbach,Urbain,35.836782969,2956
Uerkheim,Rural,25.837320574,1023
Vordemwald,Rural,32.196162047,1480
Wiliberg,Rural,23.300970874,137
Zofingen,Urbain,47.622836682,8187
Böttstein,Urbain,26.793431288,2004
Döttingen,Urbain,33.633093525,2036
Endingen,Intermédiaire (périurbain dense et centres ruraux),35.714285714,1692
Fisibach,Intermédiaire (périurbain dense et centres ruraux),28.648648649,291
Full-Reuenthal,Rural,33.246073298,592
Klingnau,Urbain,35.529411765,2064
Koblenz,Rural,39.12037037,794
Leibstadt,Rural,23.230088496,753
Lengnau (AG),Intermédiaire (périurbain dense et centres ruraux),32.316118936,1917
Leuggern,Rural,25.127681307,1480
Mellikon,Rural,44.8,156
Schneisingen,Intermédiaire (périurbain dense et centres ruraux),37.997432606,1106
Siglistorf,Rural,26.962457338,429
Tegerfelden,Rural,25.048169557,817
Zurzach,Intermédiaire (périurbain dense et centres ruraux),37.059056679,4245
Arbon,Urbain,41.997063142,8289
Dozwil,Rural,29.938271605,442
Egnach,Intermédiaire (périurbain dense et centres ruraux),30.022675737,3217
Hefenhofen,Intermédiaire (périurbain dense et centres ruraux),24.907063197,914
Horn,Urbain,43.305084746,1986
Kesswil,Rural,38.075313808,651
Roggwil (TG),Intermédiaire (périurbain dense et centres ruraux),35.875706215,2293
Romanshorn,Urbain,41.384141216,6452
Salmsach,Urbain,36.460554371,822
Sommeri,Rural,21.276595745,414
Uttwil,Intermédiaire (périurbain dense et centres ruraux),38.671411625,1293
Amriswil,Urbain,31.139921722,7870
Bischofszell,Intermédiaire (périurbain dense et centres ruraux),31.730769231,3555
Erlen,Rural,26.99341624,2195
Hauptwil-Gottshaus,Rural,26.742976067,1420
Hohentannen,Rural,21.779141104,460
Kradolf-Schönenberg,Rural,28.096249115,2248
Sulgen,Rural,29.614604462,2371
Zihlschlacht-Sitterdorf,Rural,21.803127875,1673
Basadingen-Schlattingen,Rural,34.478672986,1258
Diessenhofen,Rural,38.919777601,2162
Schlatt (TG),Rural,32.172869148,1262
Aadorf,Intermédiaire (périurbain dense et centres ruraux),33.680834002,6280
Felben-Wellhausen,Intermédiaire (périurbain dense et centres ruraux),29.684601113,1819
Frauenfeld,Urbain,41.484069017,16210
Gachnang,Intermédiaire (périurbain dense et centres ruraux),33.530360021,3034
Hüttlingen,Rural,25,594
Matzingen,Intermédiaire (périurbain dense et centres ruraux),33.405405405,1771
Neunforn,Rural,28.020134228,836
Stettfurt,Rural,40.77046549,868
Thundorf,Rural,26.470588235,1088
Uesslingen-Buch,Rural,27.272727273,814
Warth-Weiningen,Rural,35.469448584,984
Altnau,Rural,25.418719212,1456
Bottighofen,Urbain,47.662485747,1321
Ermatingen,Rural,40.832724617,2098
Gottlieben,Intermédiaire (périurbain dense et centres ruraux),49.514563107,154
Güttingen,Rural,31.201044386,1078
Kemmental,Rural,23.872180451,1671
Kreuzlingen,Urbain,46.534446764,8550
Langrickenbach,Rural,24.755700326,893
Lengwil,Rural,32.913385827,976
Münsterlingen,Rural,42.297417631,1767
Tägerwilen,Rural,35.47954393,2491
Wäldi,Rural,17.551020408,703
Affeltrangen,Rural,25.706713781,1714
Bettwiesen,Rural,25.106382979,779
Bichelsee-Balterswil,Intermédiaire (périurbain dense et centres ruraux),30.298273155,2071
Braunau,Rural,24.774774775,589
Eschlikon,Urbain,32.78179938,3237
Fischingen,Rural,28.145941921,2047
Lommis,Rural,24.319419238,862
Münchwilen (TG),Urbain,30.59125964,3588
Rickenbach (TG),Urbain,30.69828722,1437
Schönholzerswilen,Rural,19.658119658,587
Sirnach,Urbain,32.666190136,4906
Tobel-Tägerschen,Rural,20.94488189,1056
Wängi,Intermédiaire (périurbain dense et centres ruraux),33.181357649,3232
Wilen (TG),Urbain,33.807106599,1663
Wuppenau,Rural,30.924369748,794
Berlingen,Rural,37.700534759,586
Eschenz,Intermédiaire (périurbain dense et centres ruraux),35.89076723,1224
Herdern,Rural,26.260869565,776
Homburg,Rural,16.89612015,1103
Hüttwilen,Rural,30.20063358,1220
Mammern,Rural,39.543726236,396
Müllheim,Intermédiaire (périurbain dense et centres ruraux),27.882037534,2018
Pfyn,Rural,27.361563518,1441
Raperswilen,Rural,13.852813853,303
Salenstein,Rural,37.099494098,875
Steckborn,Intermédiaire (périurbain dense et centres ruraux),41.431670282,2375
Wagenhausen,Intermédiaire (périurbain dense et centres ruraux),40.782122905,1116
Amlikon-Bissegg,Rural,20.571428571,976
Berg (TG),Rural,25.429326288,2329
Birwinken,Rural,29.191616766,920
Bürglen (TG),Rural,28.540305011,2297
Bussnang,Rural,25.993091537,1634
Märstetten,Rural,27.014218009,1965
Weinfelden,Urbain,37.016451756,7373
Wigoltingen,Rural,25.521821632,1673
Arbedo-Castione,Urbain,35.756676558,3019
Bellinzona,Urbain,36.381825761,27192
Cadenazzo,Intermédiaire (périurbain dense et centres ruraux),29.458598726,1476
Isone,Rural,21.195652174,312
Lumino,Intermédiaire (périurbain dense et centres ruraux),37.852112676,1055
Sant'Antonino,Intermédiaire (périurbain dense et centres ruraux),24.119241192,1572
Acquarossa,Rural,33.915574964,1465
Blenio,Rural,23.232323232,1424
Serravalle,Rural,28.871681416,1857
Airolo,Rural,22.392638037,1011
Bedretto,Rural,24.528301887,102
Bodio,Rural,30.56768559,454
Dalpe,Rural,20.408163265,151
Faido,Rural,28.583545377,2062
Giornico,Rural,21.428571429,538
Personico,Rural,22.463768116,232
Pollegio,Rural,37.440758294,478
Prato (Leventina),Rural,28.415300546,280
Quinto,Rural,26.02739726,679
Ascona,Urbain,40.576496674,3634
Brione sopra Minusio,Urbain,33.944954128,355
Brissago,Intermédiaire (périurbain dense et centres ruraux),43.633540373,1289
Gordola,Intermédiaire (périurbain dense et centres ruraux),27.159726538,3218
Lavertezzo,Intermédiaire (périurbain dense et centres ruraux),23.598820059,742
Locarno,Urbain,44.320827943,9238
Losone,Urbain,35.920852359,4402
Mergoscia,Rural,53.608247423,170
Minusio,Urbain,42.45472837,4876
Muralto,Urbain,41.258741259,1758
Orselina,Urbain,47.462686567,548
Ronco sopra Ascona,Intermédiaire (périurbain dense et centres ruraux),48.888888889,412
Tenero-Contra,Intermédiaire (périurbain dense et centres ruraux),44.573234984,2030
Onsernone,Rural,46.949602122,821
Cugnasco-Gerra,Intermédiaire (périurbain dense et centres ruraux),31.074540174,1975
Agno,Urbain,38.053866203,2573
Aranno,Rural,50.657894737,267
Arogno,Rural,41.234567901,754
Astano,Rural,68.707482993,269
Bedano,Urbain,33.771106942,1029
Bedigliora,Intermédiaire (périurbain dense et centres ruraux),47.80876494,509
Bioggio,Urbain,34.362139918,1878
Bissone,Rural,42.857142857,521
Brusino Arsizio,Rural,39.664804469,358
Cademario,Rural,38.805970149,532
Cadempino,Urbain,33.114035088,956
Canobbio,Urbain,32,1462
Caslano,Urbain,41.291291291,2697
Comano,Urbain,38.153503893,1493
Cureglia,Urbain,35.758835759,1015
Curio,Intermédiaire (périurbain dense et centres ruraux),37.453183521,460
Grancia,Urbain,30.4,288
Gravesano,Urbain,32.634032634,907
Lamone,Urbain,37.965260546,931
Lugano,Urbain,39.976399633,34645
Magliaso,Urbain,37.68115942,1107
Manno,Urbain,36.442516269,867
Massagno,Urbain,41.360544218,3247
Melide,Intermédiaire (périurbain dense et centres ruraux),44.631578947,985
Mezzovico-Vira,Intermédiaire (périurbain dense et centres ruraux),30.265848671,956
Miglieglia,Rural,48.979591837,220
Morcote,Rural,40.291262136,393
Muzzano,Urbain,41.26984127,581
Neggio,Urbain,31.724137931,258
Novaggio,Intermédiaire (périurbain dense et centres ruraux),43.323442136,659
Origlio,Intermédiaire (périurbain dense et centres ruraux),42.762063228,1056
Paradiso,Urbain,45.804676754,1688
Ponte Capriasca,Intermédiaire (périurbain dense et centres ruraux),41.930835735,1326
Porza,Urbain,34.954954955,1056
Pura,Urbain,41.338582677,960
Savosa,Urbain,37.134052388,1260
Sorengo,Urbain,40.480274443,1108
Capriasca,Intermédiaire (périurbain dense et centres ruraux),43.042964131,5098
Torricella-Taverne,Urbain,37.570942111,1859
Vernate,Urbain,50,420
Vezia,Urbain,36.80781759,1221
Vico Morcote,Rural,41.379310345,215
Collina d'Oro,Urbain,34.620886981,2759
Alto Malcantone,Rural,44.596651446,1119
Monteceneri,Intermédiaire (périurbain dense et centres ruraux),29.350828729,3108
Tresa,Intermédiaire (périurbain dense et centres ruraux),39.965247611,2287
Val Mara,Intermédiaire (périurbain dense et centres ruraux),40.511727079,1829
Balerna,Urbain,40.46184739,2158
Castel San Pietro,Urbain,32.786885246,1748
Chiasso,Urbain,44.318793753,4362
Coldrerio,Urbain,38.018867925,2113
Mendrisio,Urbain,38.242743035,10478
Morbio Inferiore,Urbain,41.040892193,2898
Novazzano,Urbain,31.584470094,1746
Riva San Vitale,Urbain,40.736728061,1894
Stabio,Intermédiaire (périurbain dense et centres ruraux),41.904100069,3036
Vacallo,Urbain,43.597560976,2141
Breggia,Rural,38.807785888,1604
Biasca,Intermédiaire (périurbain dense et centres ruraux),34.55532926,3347
Riviera,Intermédiaire (périurbain dense et centres ruraux),31.232091691,2465
Bosco/Gurin,Rural,17.391304348,52
Campo (Vallemaggia),Rural,39.393939394,70
Cerentino,Rural,11.538461538,45
Cevio,Rural,31.639722864,842
Linescio,Rural,20.833333333,39
Maggia,Rural,31.822660099,1954
Lavizzara,Rural,16.101694915,418
Avegno Gordevio,Rural,37.400950872,1106
Terre di Pedemonte,Intermédiaire (périurbain dense et centres ruraux),41.912421805,1979
Centovalli,Rural,46.624472574,962
Gambarogno,Rural,40.107591154,3577
Verzasca,Rural,22.404371585,721
Aigle,Urbain,27.027027027,5040
Bex,Intermédiaire (périurbain dense et centres ruraux),30.808950086,4363
Chessel,Rural,19.626168224,296
Corbeyrier,Rural,29.694323144,322
Gryon,Rural,27.083333333,806
Lavey-Morcles,Intermédiaire (périurbain dense et centres ruraux),22.465753425,622
Leysin,Intermédiaire (périurbain dense et centres ruraux),30.816077954,1456
Noville,Rural,23.913043478,674
Ollon,Rural,25.515743757,4198
Ormont-Dessous,Rural,15.315315315,789
Ormont-Dessus,Rural,17.700453858,945
Rennaz,Intermédiaire (périurbain dense et centres ruraux),24.390243902,496
Roche (VD),Intermédiaire (périurbain dense et centres ruraux),22.398190045,931
Villeneuve (VD),Intermédiaire (périurbain dense et centres ruraux),32.703488372,2776
Yvorne,Rural,18.604651163,709
Aubonne,Intermédiaire (périurbain dense et centres ruraux),31.767337808,2054
Ballens,Rural,18.81533101,349
Berolle,Rural,18.918918919,207
Bière,Rural,20.700636943,933
Bougy-Villars,Rural,33.529411765,275
Féchy,Rural,25.144508671,498
Gimel,Intermédiaire (périurbain dense et centres ruraux),20.256111758,1336
Longirod,Rural,28,346
Marchissy,Rural,21.888412017,333
Mollens (VD),Rural,21.556886228,222
Saint-George,Rural,33.493975904,648
Saint-Livres,Rural,31.626506024,470
Saint-Oyens,Rural,22.613065327,267
Saubraz,Intermédiaire (périurbain dense et centres ruraux),33.112582781,237
Avenches,Rural,27.68273717,2271
Cudrefin,Rural,35.456730769,1216
Faoug,Rural,35.277777778,582
Vully-les-Lacs,Rural,27.006802721,2271
Bettens,Rural,20.392156863,406
Bournens,Rural,27.962085308,302
Boussens,Rural,26.315789474,639
La Chaux (Cossonay),Rural,25,279
Chavannes-le-Veyron,Rural,9.411764706,102
Chevilly,Rural,27.118644068,217
Cossonay,Intermédiaire (périurbain dense et centres ruraux),26.544766709,2577
Cuarnens,Rural,16.058394161,352
Daillens,Rural,26.385809313,670
Dizy,Rural,21.875,160
Eclépens,Intermédiaire (périurbain dense et centres ruraux),23.63238512,716
Ferreyres,Rural,37.341772152,219
Gollion,Rural,26.436781609,649
Grancy,Rural,19.576719577,252
L'Isle,Rural,24.618320611,734
Lussery-Villars,Rural,24.545454545,312
Mauraz,Rural,28.125,45
Mex (VD),Rural,23.076923077,466
Moiry,Rural,28.125,236
Mont-la-Ville,Rural,25.821596244,334
Montricher,Rural,21.264367816,679
Orny,Rural,24.019607843,296
Penthalaz,Intermédiaire (périurbain dense et centres ruraux),27.35426009,1878
Penthaz,Intermédiaire (périurbain dense et centres ruraux),23.259259259,1097
Pompaples,Rural,21.212121212,463
La Sarraz,Intermédiaire (périurbain dense et centres ruraux),26.763717805,1483
Senarclens,Rural,16,323
Sullens,Rural,22.526315789,709
Vufflens-la-Ville,Rural,36.655405405,895
Assens,Rural,18.148599269,1119
Bercher,Rural,22.146507666,831
Bottens,Rural,23.283082077,877
Bretigny-sur-Morrens,Intermédiaire (périurbain dense et centres ruraux),27.586206897,531
Cugy (VD),Intermédiaire (périurbain dense et centres ruraux),36.170212766,1616
Echallens,Intermédiaire (périurbain dense et centres ruraux),26.275045537,3579
Essertines-sur-Yverdon,Rural,17.819706499,686
Etagnières,Intermédiaire (périurbain dense et centres ruraux),30.839002268,717
Fey,Rural,18.018018018,489
Froideville,Intermédiaire (périurbain dense et centres ruraux),27.264239029,1682
Morrens (VD),Intermédiaire (périurbain dense et centres ruraux),33.59223301,767
Oulens-sous-Echallens,Rural,17.142857143,405
Pailly,Rural,17.132867133,378
Penthéréaz,Rural,20.762711864,307
Poliez-Pittet,Rural,11.168831169,548
Rueyres,Rural,18.367346939,185
Saint-Barthélemy (VD),Rural,15.46961326,520
Villars-le-Terroir,Intermédiaire (périurbain dense et centres ruraux),20.341880342,850
Vuarrens,Rural,15.011037528,654
Montilliez,Rural,20.561797753,1253
Goumoëns,Rural,21.176470588,746
Bonvillars,Rural,29.133858268,351
Bullet,Rural,18.457300275,524
Champagne,Rural,27.133479212,686
Concise,Rural,30.349344978,665
Corcelles-près-Concise,Rural,28.502415459,294
Fiez,Rural,31.739130435,311
Fontaines-sur-Grandson,Rural,25.925925926,149
Giez,Rural,26.237623762,288
Grandevent,Rural,35.294117647,162
Grandson,Intermédiaire (périurbain dense et centres ruraux),30.763358779,2171
Mauborget,Rural,33.75,101
Mutrux,Rural,24.691358025,119
Novalles,Rural,16.129032258,70
Onnens (VD),Rural,32.589285714,334
Provence,Rural,30.396475771,308
Sainte-Croix,Intermédiaire (périurbain dense et centres ruraux),32.016850974,3262
Tévenon,Rural,35.096153846,605
Belmont-sur-Lausanne,Urbain,35.398860399,2219
Cheseaux-sur-Lausanne,Intermédiaire (périurbain dense et centres ruraux),28.911138924,2694
Crissier,Urbain,36.308006119,3892
Epalinges,Urbain,35.8541526,5456
Jouxtens-Mézery,Urbain,35.922330097,927
Lausanne,Urbain,52.086722563,66236
Le Mont-sur-Lausanne,Urbain,34.917860888,5072
Paudex,Urbain,39.534883721,872
Prilly,Urbain,40.118508191,5902
Pully,Urbain,38.398826023,10577
Renens (VD),Urbain,44.885410844,8403
Romanel-sur-Lausanne,Urbain,26.940231936,2039
Chexbres,Intermédiaire (périurbain dense et centres ruraux),31.93960511,1359
Forel (Lavaux),Rural,25.363825364,1352
Lutry,Urbain,35.340520642,6343
Puidoux,Intermédiaire (périurbain dense et centres ruraux),24.857142857,1621
Rivaz,Intermédiaire (périurbain dense et centres ruraux),26.984126984,242
Saint-Saphorin (Lavaux),Intermédiaire (périurbain dense et centres ruraux),28.025477707,246
Savigny,Rural,30.851777331,2120
Bourg-en-Lavaux,Intermédiaire (périurbain dense et centres ruraux),36.653560507,3455
Aclens,Intermédiaire (périurbain dense et centres ruraux),22.222222222,332
Bremblens,Rural,26.848249027,381
Buchillon,Intermédiaire (périurbain dense et centres ruraux),35.689045936,425
Bussigny,Urbain,32.324723247,5006
Chavannes-près-Renens,Urbain,45.6,3059
Chigny,Urbain,23.717948718,229
Clarmont,Rural,18.279569892,127
Denens,Intermédiaire (périurbain dense et centres ruraux),36.070381232,500
Denges,Urbain,34.054054054,967
Echandens,Urbain,28.615071283,1599
Echichens,Intermédiaire (périurbain dense et centres ruraux),24.483550115,1984
Ecublens (VD),Urbain,33.667981355,5596
Etoy,Intermédiaire (périurbain dense et centres ruraux),32.41025641,1528
Lavigny,Intermédiaire (périurbain dense et centres ruraux),23.351648352,540
Lonay,Urbain,28.305400372,1715
Lully (VD),Intermédiaire (périurbain dense et centres ruraux),34.645669291,547
Lussy-sur-Morges,Intermédiaire (périurbain dense et centres ruraux),29.794520548,432
Morges,Urbain,35.748792271,8609
Préverenges,Urbain,35.051546392,2877
Romanel-sur-Morges,Rural,25,331
Saint-Prex,Intermédiaire (périurbain dense et centres ruraux),32.459797499,2899
Saint-Sulpice (VD),Urbain,37.212750185,2107
Tolochenaz,Urbain,29.893778452,1079
Vaux-sur-Morges,Intermédiaire (périurbain dense et centres ruraux),36.170212766,125
Villars-Sainte-Croix,Urbain,27.536231884,586
Villars-sous-Yens,Rural,24.100719424,393
Vufflens-le-Château,Intermédiaire (périurbain dense et centres ruraux),31.15942029,552
Vullierens,Rural,20.284697509,356
Yens,Rural,27.638190955,864
Hautemorges,Rural,26.41025641,2734
Boulens,Rural,29.901960784,266
Bussy-sur-Moudon,Rural,12.096774194,160
Chavannes-sur-Moudon,Rural,24,161
Curtilles,Rural,33.552631579,220
Dompierre (VD),Rural,23.741007194,179
Hermenches,Rural,12.021857923,255
Lovatens,Rural,25.316455696,109
Lucens,Rural,29.286926995,2127
Moudon,Intermédiaire (périurbain dense et centres ruraux),30.245901639,2556
Ogens,Rural,33.802816901,198
Prévonloup,Rural,21.568627451,141
Rossenges,Rural,13.636363636,58
Syens,Rural,37.096774194,91
Villars-le-Comte,Rural,7.042253521,97
Vucherens,Rural,29.562043796,408
Montanaire,Rural,18.817591925,1869
Arnex-sur-Nyon,Rural,29.591836735,138
Arzier-Le Muids,Intermédiaire (périurbain dense et centres ruraux),33.522727273,1633
Bassins,Intermédiaire (périurbain dense et centres ruraux),31.993006993,887
Begnins,Intermédiaire (périurbain dense et centres ruraux),29.004329004,1096
Bogis-Bossey,Urbain,33.576642336,438
Borex,Intermédiaire (périurbain dense et centres ruraux),28.414096916,653
Chavannes-de-Bogis,Urbain,30.789473684,646
Chavannes-des-Bois,Rural,31.203007519,462
Chéserex,Intermédiaire (périurbain dense et centres ruraux),32.053742802,784
Coinsins,Rural,37.826086957,328
Commugny,Urbain,36.956521739,1427
Coppet,Urbain,35.401069519000004,1589
Crans (VD),Intermédiaire (périurbain dense et centres ruraux),29.004854369,1261
Crassier,Intermédiaire (périurbain dense et centres ruraux),32.054176072,685
Duillier,Rural,22.747747748,682
Eysins,Urbain,34.514925373,895
Founex,Urbain,33.017077799,1727
Genolier,Intermédiaire (périurbain dense et centres ruraux),33.06010929,1096
Gingins,Intermédiaire (périurbain dense et centres ruraux),29.27756654,766
Givrins,Intermédiaire (périurbain dense et centres ruraux),30.858468677,593
Gland,Urbain,32.443365696,6910
Grens,Intermédiaire (périurbain dense et centres ruraux),33.854166667,272
Mies,Urbain,34.435797665,992
Nyon,Urbain,40.707964602,10596
Prangins,Urbain,37.028985507,2270
La Rippe,Rural,28.859060403,678
Saint-Cergue,Rural,35.214723926,1495
Signy-Avenex,Intermédiaire (périurbain dense et centres ruraux),19.565217391,324
Tannay,Urbain,39.371534196,807
Trélex,Intermédiaire (périurbain dense et centres ruraux),32.741935484,899
Le Vaud,Intermédiaire (périurbain dense et centres ruraux),28.621291449,866
Vich,Urbain,31.754874652,623
L'Abergement,Rural,29.605263158,186
Agiez,Rural,17.391304348,226
Arnex-sur-Orbe,Rural,22.049689441,434
Ballaigues,Rural,20.086393089,734
Baulmes,Rural,33.013435701,750
Bavois,Rural,20.979020979,657
Bofflens,Rural,16.666666667,153
Bretonnières,Rural,21.167883212,176
Chavornay,Intermédiaire (périurbain dense et centres ruraux),24.902289224,3041
Les Clées,Rural,22.857142857,135
Croy,Rural,32.307692308,293
Juriens,Rural,18.181818182,261
Lignerolle,Rural,18.811881188,273
Montcherand,Rural,18.181818182,326
Orbe,Intermédiaire (périurbain dense et centres ruraux),28.286112401,3943
La Praz,Rural,34.042553191,133
Premier,Rural,25,158
Rances,Rural,21.352313167,372
Romainmôtier-Envy,Rural,38.257575758,362
Sergey,Rural,22.077922078,100
Valeyres-sous-Rances,Rural,20.446096654,391
Vallorbe,Intermédiaire (périurbain dense et centres ruraux),22.088724584,2125
Vaulion,Rural,16.349809886,365
Vuiteboeuf,Rural,24.621212121,380
Corcelles-le-Jorat,Rural,29.535864979,306
Maracon,Rural,29.432624113,365
Montpreveyres,Rural,36.885245902,397
Ropraz,Rural,25.23364486,319
Servion,Rural,31.22886133,1337
Vulliens,Rural,27.760252366,423
Jorat-Menthue,Rural,20.110192837,1053
Oron,Rural,27.419354839,3720
Jorat-Mézières,Intermédiaire (périurbain dense et centres ruraux),26.157407407,1971
Champtauroz,Rural,20.512820513,103
Chevroux,Rural,29.921259843,362
Corcelles-près-Payerne,Urbain,19.609856263,1539
Grandcour,Rural,20.742358079,653
Henniez,Rural,22.147651007,232
Missy,Rural,22.099447514,244
Payerne,Urbain,23.955538521,4822
Trey,Rural,25.490196078,198
Treytorrens (Payerne),Rural,11.764705882,85
Villarzel,Rural,23.376623377,303
Valbroye,Rural,16.654753395,2031
Château-d'Oex,Intermédiaire (périurbain dense et centres ruraux),18.948926721,2054
Rossinière,Rural,19.76744186,368
Rougemont,Rural,19.141914191,458
Allaman,Intermédiaire (périurbain dense et centres ruraux),35.028248588,257
Bursinel,Rural,28.64321608,305
Bursins,Intermédiaire (périurbain dense et centres ruraux),25.151515152,489
Burtigny,Rural,30.97826087,245
Dully,Rural,28.571428571,350
Essertines-sur-Rolle,Rural,21.428571429,414
Gilly,Intermédiaire (périurbain dense et centres ruraux),26.895306859,792
Luins,Intermédiaire (périurbain dense et centres ruraux),27.477477477,333
Mont-sur-Rolle,Intermédiaire (périurbain dense et centres ruraux),28.758169935,1485
Perroy,Intermédiaire (périurbain dense et centres ruraux),25.091575092,844
Rolle,Intermédiaire (périurbain dense et centres ruraux),37.375745527,2840
Tartegnin,Intermédiaire (périurbain dense et centres ruraux),15.841584158,136
Vinzel,Intermédiaire (périurbain dense et centres ruraux),27.108433735,222
L'Abbaye,Rural,27.777777778,1047
Le Chenit,Intermédiaire (périurbain dense et centres ruraux),25.841346154,2739
Le Lieu,Rural,36.854460094,620
Chardonne,Urbain,32.078431373,1980
Corseaux,Urbain,31.079607415,1443
Corsier-sur-Vevey,Urbain,36.419753086,1953
Jongny,Urbain,28.02359882,1023
Montreux,Urbain,39.40466613,12185
La Tour-de-Peilz,Urbain,36.68200409,6954
Vevey,Urbain,47.322381054,9437
Veytaux,Urbain,32.028469751,523
Blonay - Saint-Légier,Urbain,30.207220679,7298
Belmont-sur-Yverdon,Rural,18.483412322,278
Bioley-Magnoux,Rural,22.916666667,179
Chamblon,Intermédiaire (périurbain dense et centres ruraux),29.818181818,412
Champvent,Rural,18.098159509,449
Chavannes-le-Chêne,Rural,13.333333333,227
Chêne-Pâquier,Rural,25.675675676,93
Cheseaux-Noréaz,Urbain,26.331360947,506
Cronay,Rural,22.026431718,278
Cuarny,Rural,14.876033058,174
Démoret,Rural,13.541666667,111
Donneloye,Rural,19.158878505,580
Ependes (VD),Rural,15.46961326,250
Mathod,Rural,26.041666667,441
Molondin,Rural,19.696969697,160
Montagny-près-Yverdon,Urbain,25.566343042,499
Oppens,Rural,37.5,121
Orges,Rural,22.023809524,233
Orzens,Rural,30.275229358,157
Pomy,Rural,20.75,567
Rovray,Rural,13.513513514,129
Suchy,Rural,18.791946309,399
Suscévaz,Rural,23.770491803,145
Treycovagnes,Intermédiaire (périurbain dense et centres ruraux),27.777777778,319
Ursins,Rural,14.285714286,160
Valeyres-sous-Montagny,Urbain,21.538461538,498
Valeyres-sous-Ursins,Rural,24.050632911,191
Villars-Epeney,Rural,22.413793103,77
Vugelles-La Mothe,Rural,20.512820513,93
Yverdon-les-Bains,Urbain,36.281299947,14999
Yvonand,Intermédiaire (périurbain dense et centres ruraux),27.359131025,2338
Brig-Glis,Urbain,33.480361269,9186
Eggerberg,Intermédiaire (périurbain dense et centres ruraux),15.584415584,265
Naters,Urbain,28.997923157,7242
Ried-Brig,Intermédiaire (périurbain dense et centres ruraux),26.470588235,1540
Simplon,Rural,12.376237624,247
Termen,Intermédiaire (périurbain dense et centres ruraux),21.995464853,755
Zwischbergen,Rural,21.875,47
Ardon,Urbain,19.169027384,1863
Chamoson,Rural,20.150550087,2678
Conthey,Urbain,15.79294428,5501
Nendaz,Intermédiaire (périurbain dense et centres ruraux),15.494428969,4765
Vétroz,Urbain,17.522803649,3811
Bourg-Saint-Pierre,Rural,4.201680672,164
Liddes,Rural,27.2,552
Orsières,Rural,13.393432067000001,2140
Sembrancher,Rural,12.248995984,703
Val de Bagnes,Intermédiaire (périurbain dense et centres ruraux),16.643079536,6065
Bellwald,Rural,31.612903226,256
Binn,Rural,18.965517241,96
Ernen,Rural,36.734693878,420
Fiesch,Rural,30.459770115,683
Fieschertal,Rural,21.428571429,237
Lax,Rural,31.578947368,230
Obergoms,Rural,22.884012539,507
Goms,Rural,31.107205624,919
Ayent,Intermédiaire (périurbain dense et centres ruraux),24.386339381,2995
Evolène,Rural,14.074074074,1278
Hérémence,Rural,12.209302326,1170
Saint-Martin (VS),Rural,12.173913043,685
Vex,Rural,18.898623279,1302
Mont-Noble,Rural,26.573426573,861
Agarn,Rural,19.241982507,553
Albinen,Rural,27.00729927,202
Ergisch,Rural,16.666666667,156
Inden,Rural,29.545454545,76
Leuk,Intermédiaire (périurbain dense et centres ruraux),23.969820081,2875
Leukerbad,Intermédiaire (périurbain dense et centres ruraux),23.82133995,758
Oberems,Rural,30.769230769,110
Salgesch,Rural,16.732542819,1120
Varen,Rural,16.954022989,524
Guttet-Feschel,Rural,22.727272727,341
Gampel-Bratsch,Intermédiaire (périurbain dense et centres ruraux),20.800889878,1495
Turtmann-Unterems,Rural,25.259515571,821
Bovernier,Rural,12.371134021,610
Fully,Intermédiaire (périurbain dense et centres ruraux),17.674291939,5772
Isérables,Rural,8.415841584,646
Leytron,Rural,13.48534202,2253
Martigny,Urbain,21.24004373,11637
Martigny-Combe,Urbain,21.003717472,1643
Riddes,Intermédiaire (périurbain dense et centres ruraux),13.247863248,1880
Saillon,Intermédiaire (périurbain dense et centres ruraux),16.591928251,1805
Saxon,Intermédiaire (périurbain dense et centres ruraux),17.992320351,3493
Trient,Rural,23.75,115
Champéry,Rural,19.689119171,861
Collombey-Muraz,Urbain,17.989417989,5622
Monthey,Urbain,22.354576137,9824
Port-Valais,Intermédiaire (périurbain dense et centres ruraux),24.765625,2424
Saint-Gingolph,Rural,23.548387097,596
Troistorrents,Urbain,16.908665105,3317
Val-d'Illiez,Rural,12.15526047,1389
Vionnaz,Intermédiaire (périurbain dense et centres ruraux),17.411545624,1770
Vouvry,Intermédiaire (périurbain dense et centres ruraux),18.938835667,2433
Bister,Rural,47.826086957,30
Bitsch,Intermédiaire (périurbain dense et centres ruraux),33.412887828,758
Grengiols,Rural,26.633165829,337
Riederalp,Rural,25.714285714,314
Ausserberg,Rural,22.571428571,490
Blatten,Rural,20.903954802,244
Bürchen,Rural,19.060773481,607
Eischoll,Rural,13.389121339,370
Ferden,Rural,15.447154472,210
Kippel,Rural,18.831168831,271
Niedergesteln,Intermédiaire (périurbain dense et centres ruraux),20.710059172,550
Raron,Intermédiaire (périurbain dense et centres ruraux),22.924901186,1366
Unterbäch,Rural,19.158878505,353
Wiler (Lötschen),Rural,16.165413534,441
Mörel-Filet,Rural,29.692832765,508
Steg-Hohtenn,Intermédiaire (périurbain dense et centres ruraux),20.789473684,1177
Bettmeralp,Rural,26.262626263,334
Collonges,Rural,15.407854985,548
Dorénaz,Rural,14.184397163,685
Evionnaz,Rural,17.434869739,887
Finhaut,Rural,22.56097561,233
Massongex,Intermédiaire (périurbain dense et centres ruraux),14.939434724,1247
Saint-Maurice,Intermédiaire (périurbain dense et centres ruraux),19.500674764,2660
Salvan,Rural,25.847457627,1096
Vernayaz,Intermédiaire (périurbain dense et centres ruraux),21.706586826,1125
Vérossaz,Rural,24.226804124,556
Chalais,Intermédiaire (périurbain dense et centres ruraux),21.127819549,2393
Chippis,Urbain,27.272727273,741
Grône,Intermédiaire (périurbain dense et centres ruraux),16.465422613,1556
Icogne,Intermédiaire (périurbain dense et centres ruraux),25.991189427,405
Lens,Rural,20.630568883,2497
Saint-Léonard,Intermédiaire (périurbain dense et centres ruraux),17.88856305,1656
Sierre,Urbain,25.61722299,9777
Anniviers,Rural,21.466431095,1853
Crans-Montana,Urbain,25.080385852,5656
Noble-Contrée,Urbain,25.703009373,3177
Arbaz,Intermédiaire (périurbain dense et centres ruraux),25.188536953,974
Grimisuat,Urbain,22.818791946,2403
Savièse,Urbain,15.781083953,5757
Sion,Urbain,24.656550238,21315
Veysonnaz,Rural,22.580645161,392
Baltschieder,Urbain,19.607843137,972
Eisten,Rural,22,169
Embd,Rural,11.724137931,233
Grächen,Rural,23.574144487,962
Lalden,Urbain,24.675324675,492
Randa,Rural,29.299363057,264
Saas-Almagell,Rural,18.723404255,279
Saas-Balen,Rural,11.162790698,275
Saas-Fee,Intermédiaire (périurbain dense et centres ruraux),21.779141104,935
Saas-Grund,Rural,11.409395973,749
St. Niklaus,Rural,20.119047619,1633
Stalden (VS),Rural,14.822134387,833
Staldenried,Rural,16.025641026,456
Täsch,Rural,25.974025974,239
Törbel,Rural,8.766233766,405
Visp,Urbain,25.985804416,5035
Visperterminen,Rural,21.74556213,1048
Zeneggen,Rural,37.593984962,215
Zermatt,Urbain,29.882677709,2887
Boudry,Intermédiaire (périurbain dense et centres ruraux),39.892183288,3655
Cortaillod,Intermédiaire (périurbain dense et centres ruraux),35.039133052,3117
Rochefort,Rural,42.274052478,1024
Milvignes,Intermédiaire (périurbain dense et centres ruraux),40.733314237,6190
La Grande Béroche,Rural,37.71043771,6092
La Chaux-de-Fonds,Urbain,42.329683109,22235
Les Planchettes,Rural,33.653846154,158
La Sagne,Rural,24.02044293,914
La Brévine,Rural,11.294117647,520
Brot-Plamboz,Rural,11.475409836,213
Le Cerneux-Péquignot,Rural,19.711538462,278
La Chaux-du-Milieu,Rural,18.566775244,387
Le Locle,Urbain,36.490412551,7092
Les Ponts-de-Martel,Rural,15.362731152,974
Cornaux,Intermédiaire (périurbain dense et centres ruraux),29.25170068,1023
Cressier (NE),Intermédiaire (périurbain dense et centres ruraux),30.147058824,1174
Enges,Rural,28.666666667,192
Hauterive (NE),Urbain,42.544316997,1689
Le Landeron,Intermédiaire (périurbain dense et centres ruraux),36.911595867,3135
Lignières,Rural,19.607843137,699
Neuchâtel,Urbain,48.620313069,26817
Saint-Blaise,Urbain,39.665653495,2211
La Tène,Urbain,36.928702011,3180
Val-de-Ruz,Intermédiaire (périurbain dense et centres ruraux),30.016652789,11750
La Côte-aux-Fées,Rural,26.315789474,402
Les Verrières,Rural,15.14084507,551
Val-de-Travers,Intermédiaire (périurbain dense et centres ruraux),31.53806318,7594
Aire-la-Ville,Intermédiaire (périurbain dense et centres ruraux),29.508196721,738
Anières,Intermédiaire (périurbain dense et centres ruraux),34.43627451,1306
Avully,Rural,37.53894081,1099
Avusy,Rural,28.529411765,1002
Bardonnex,Intermédiaire (périurbain dense et centres ruraux),37.832093518,1447
Bellevue,Intermédiaire (périurbain dense et centres ruraux),39.273927393,1681
Bernex,Urbain,38.510421962,6337
Carouge (GE),Urbain,51.354166667,11297
Cartigny,Rural,29.166666667,613
Céligny,Intermédiaire (périurbain dense et centres ruraux),29.803921569,411
Chancy,Rural,37.476808905,955
Chêne-Bougeries,Urbain,41.682865871,6599
Chêne-Bourg,Urbain,46.995029372,4374
Choulex,Intermédiaire (périurbain dense et centres ruraux),45.957446809,728
Collex-Bossy,Intermédiaire (périurbain dense et centres ruraux),39.663865546,893
Collonge-Bellerive,Urbain,34.962805526,4737
Cologny,Urbain,33.097762073,3014
Confignon,Urbain,41.541874653,2995
Corsier (GE),Intermédiaire (périurbain dense et centres ruraux),32.128514056,1270
Dardagny,Rural,32.5,1031
Genève,Urbain,54.577091496,86072
Genthod,Intermédiaire (périurbain dense et centres ruraux),38.529088913,1544
Le Grand-Saconnex,Urbain,47.252747253,5509
Gy,Intermédiaire (périurbain dense et centres ruraux),29.611650485,312
Hermance,Intermédiaire (périurbain dense et centres ruraux),40.281690141,612
Jussy,Rural,27.651515152,793
Laconnex,Rural,34.254143646,491
Lancy,Urbain,45.567160554,17183
Meinier,Intermédiaire (périurbain dense et centres ruraux),36.19047619,1340
Meyrin,Urbain,42.914133739,11377
Onex,Urbain,47.534685165,9545
Perly-Certoux,Intermédiaire (périurbain dense et centres ruraux),35.64727955,1858
Plan-les-Ouates,Urbain,42.087821044,6483
Pregny-Chambésy,Intermédiaire (périurbain dense et centres ruraux),40.202702703,1505
Presinge,Rural,34.323432343,458
Puplinge,Urbain,41.41069397,1495
Russin,Rural,34,327
Satigny,Intermédiaire (périurbain dense et centres ruraux),33.740665309,2354
Soral,Intermédiaire (périurbain dense et centres ruraux),31.782945736,623
Thônex,Urbain,40.655987796,7671
Troinex,Urbain,38.659793814,1581
Vandoeuvres,Urbain,31.401475237,1542
Vernier,Urbain,47.051834249,15228
Versoix,Urbain,42.67310789,6069
Veyrier,Urbain,38.560742842,6751
Boécourt,Rural,30.465116279,720
Bourrignon,Rural,21.153846154,239
Châtillon (JU),Rural,25,347
Courchapoix,Rural,27.649769585,342
Courrendlin,Intermédiaire (périurbain dense et centres ruraux),27.562111801,2323
Courroux,Urbain,30.976172175,2347
Courtételle,Intermédiaire (périurbain dense et centres ruraux),31.861804223,1858
Delémont,Urbain,41.196716971,7606
Develier,Rural,24.576271186,963
Ederswiler,Rural,13.333333333,97
Mervelier,Rural,34.519572954,422
Mettembert,Rural,33.333333333,83
Movelier,Rural,38.805970149,339
Pleigne,Rural,26.046511628,319
Rossemaison,Urbain,26.283987915,515
Saulcy,Rural,16.766467066,209
Soyhières,Rural,37.563451777,330
Haute-Sorne,Rural,31.053733426,5078
Val Terbi,Intermédiaire (périurbain dense et centres ruraux),26.050420168,2455
Le Bémont (JU),Rural,18.84057971,295
Les Bois,Rural,30.464716007,979
Les Breuleux,Rural,31.168831169,1190
Les Enfers,Rural,29.310344828,122
Les Genevez (JU),Rural,43.165467626,429
Lajoux (JU),Rural,34.065934066,564
Montfaucon,Rural,26.031746032,457
Muriaux,Rural,28.802588997,450
Le Noirmont,Rural,30.596175478,1376
Saignelégier,Intermédiaire (périurbain dense et centres ruraux),27.685325265,2038
Saint-Brais,Rural,27.464788732,187
Soubey,Rural,19.230769231,137
Alle,Rural,24.672228844,1420
Boncourt,Rural,26.436781609,1006
Bure,Rural,20.334261838,566
Coeuve,Rural,33.962264151,573
Cornol,Rural,28.953229399,817
Courchavon,Rural,25.925925926,239
Courgenay,Rural,26.221335992,1774
Courtedoux,Rural,26.158038147,580
Fahy,Rural,25.23364486,296
Fontenais,Urbain,32.772020725,1298
Grandfontaine,Rural,19.907407407,336
Porrentruy,Urbain,37.459016393,4763
Vendlincourt,Rural,24.584717608,493
Basse-Allaine,Rural,21.366024518,942
Clos du Doubs,Rural,27.554179567,1108
Haute-Ajoie,Rural,27.795527157,1006
La Baroche,Rural,27.031509121,957
Damphreux-Lugnez,Rural,34.529147982,302
Basse-Vendline,Rural,27.748691099,724
